number,symbol,direction,quantity_base,entry_utc,exit_earliest_utc,exit_latest_utc,entry_reference,entry_fill,exit_reference,exit_fill,entry_notional_usd,exposure_over_equity_at_entry,equity_at_entry_usd,equity_after_usd,initial_margin_usd,allocated_margin_usd,allocated_margin_fraction_of_equity,nominal_over_allocated_margin,sizing_binding_limit,initial_stop,last_stop,planned_stop_price_loss_and_fees_usd,funding_budget_usd,gross_pnl_after_fill_friction_usd,fees_usd,funding_cashflow_usd,funding_intrabar_bound_width_usd,fill_friction_usd_already_in_gross,net_pnl_usd,net_return_on_entry_equity,exit_reason,same_hour_stop_and_target,actual_loss_exceeds_planned_budget,target_net_achieved
1,PF_XBTUSD,1,0.0003,2026-02-14T09:00:00+00:00,2026-02-15T07:00:00+00:00,2026-02-15T08:00:00+00:00,69702.0,69716.0,70636.0,70621.0,20.9148,0.418296,50.0,50.25023434278502,2.0914800000000002,2.0914800000000002,0.0418296,9.999999999999998,stop_risk,69136.0,69136.0,0.19902569999999997,0.025,0.27149999999999996,0.02105055,-0.00021510721497228382,6.169858054949999e-06,0.0087,0.25023434278502765,0.005004686855700553,target_intrabar,False,False,True
2,PF_ETHUSD,-1,0.004,2026-02-15T13:00:00+00:00,2026-02-15T19:00:00+00:00,2026-02-15T20:00:00+00:00,2009.2,2008.7,1943.5,1943.9,8.0348,0.15989577173292616,50.25023434278502,50.501647455115865,0.8034800000000001,0.8034800000000001,0.015989577173292618,10.0,stop_risk,2056.1,2056.1,0.19973059999999948,0.02512511717139251,0.2591999999999998,0.007905200000000001,0.00011831233085738714,2.2615106154e-05,0.0036000000000003638,0.2514131123308572,0.0050032226838153115,target_intrabar,False,False,True
3,PF_XBTUSD,1,0.0002,2026-02-16T13:00:00+00:00,2026-02-16T13:00:00+00:00,2026-02-16T14:00:00+00:00,69717.0,69731.0,68775.0,68761.0,13.946200000000001,0.2761533673212326,50.501647455115865,50.29372396629676,1.3946200000000002,1.3946200000000002,0.02761533673212326,10.0,stop_risk,68775.0,68775.0,0.20784920000000004,0.025250823727557933,-0.194,0.0138492,-7.42888190967142e-05,7.42888190967142e-05,0.0056,-0.20792348881909672,-0.004117162494627368,stop_intrabar,False,False,False
4,PF_XBTUSD,-1,0.0001,2026-02-16T16:00:00+00:00,2026-02-16T21:00:00+00:00,2026-02-16T22:00:00+00:00,67487.0,67473.0,68724.0,68738.0,6.7473,0.13415789223565064,50.29372396629676,50.16031357546207,0.67473,0.67473,0.013415789223565063,10.0,stop_risk,68724.0,68724.0,0.13331055000000003,0.025146861983148385,-0.1265,0.00681055,-9.984083469075481e-05,4.2056761204993725e-06,0.0028,-0.13341039083469075,-0.002652625025820176,stop_intrabar,False,False,False
5,PF_XBTUSD,-1,0.0001,2026-02-17T15:00:00+00:00,2026-02-17T16:00:00+00:00,2026-02-17T17:00:00+00:00,66846.0,66832.0,67908.0,67922.0,6.6832,0.13323680662294257,50.16031357546207,50.044570904282544,0.66832,0.66832,0.013323680662294257,10.0,stop_risk,67908.0,67908.0,0.1157377,0.025080156787731036,-0.109,0.0067377,-4.971179531222862e-06,1.6215354759103625e-06,0.0028,-0.11574267117953123,-0.0023074550960572823,stop_intrabar,False,False,False
6,PF_ETHUSD,1,0.006,2026-02-18T08:00:00+00:00,2026-02-18T11:00:00+00:00,2026-02-18T12:00:00+00:00,2017.0,2017.5,1984.5,1984.1,12.105,0.2418843798891304,50.044570904282544,49.832187455794326,1.2105000000000001,1.2105000000000001,0.024188437988913042,10.0,stop_risk,1984.5,1984.5,0.21240480000000053,0.025022285452141274,-0.20040000000000055,0.012004800000000001,2.1351511779338715e-05,1.3277623601671993e-05,0.005400000000000546,-0.2123834484882212,-0.004243885893125853,stop_intrabar,False,False,False
7,PF_XBTUSD,-1,0.0001,2026-02-18T19:00:00+00:00,2026-02-20T05:00:00+00:00,2026-02-20T06:00:00+00:00,66357.0,66343.0,67507.0,67521.0,6.6343000000000005,0.13313282716889013,49.832187455794326,49.70799410028068,0.6634300000000001,0.6634300000000001,0.013313282716889013,10.0,stop_risk,67507.0,67507.0,0.12449320000000001,0.024916093727897163,-0.1178,0.006693200000000001,0.0002998444863690711,4.1668723255247015e-05,0.0028,-0.12419335551363093,-0.002492231665001696,stop_intrabar,False,False,False
8,PF_XBTUSD,1,0.0003,2026-02-20T10:00:00+00:00,2026-02-20T11:00:00+00:00,2026-02-20T12:00:00+00:00,68185.0,68199.0,67548.0,67534.0,20.459699999999998,0.41159777959908606,49.70799410028068,49.48814461655199,2.04597,2.04597,0.04115977795990861,9.999999999999998,stop_risk,67548.0,67548.0,0.21985994999999997,0.02485399705014034,-0.19949999999999998,0.020359949999999998,1.0466271316039394e-05,8.993642058806792e-06,0.0084,-0.21984948372868396,-0.004422819462100213,stop_intrabar,False,False,False
9,PF_XBTUSD,1,0.0003,2026-02-21T15:00:00+00:00,2026-02-21T22:00:00+00:00,2026-02-21T23:00:00+00:00,68431.0,68445.0,67963.0,67949.0,20.533499999999997,0.4149175556913541,49.48814461655199,49.319281988888065,2.0533499999999996,2.0533499999999996,0.04149175556913541,10.0,stop_risk,67963.0,67963.0,0.1692591,0.024744072308275997,-0.1488,0.020459099999999997,0.00039647233606220674,7.774158397590683e-05,0.0084,-0.16886262766393775,-0.003412183442566552,stop_intrabar,False,False,False
10,PF_ETHUSD,-1,0.012,2026-02-22T13:00:00+00:00,2026-02-22T17:00:00+00:00,2026-02-22T18:00:00+00:00,1965.8,1965.4,1942.4,1942.8,23.5848,0.47820647521417287,49.319281988888065,49.56685663296394,2.35848,2.35848,0.047820647521417285,10.0,stop_risk,1980.1,1980.1,0.20487539999999893,0.024659640994444034,0.27120000000000166,0.023449200000000003,-0.00017615592413113798,1.3841055566007804e-05,0.009599999999996726,0.24757464407587054,0.005019834719646783,target_intrabar,False,False,True
11,PF_XBTUSD,-1,0.0002,2026-02-23T01:00:00+00:00,2026-02-23T01:00:00+00:00,2026-02-23T02:00:00+00:00,66710.0,66696.0,65376.0,65390.0,13.3392,0.26911531023189594,49.56685663296394,49.81484803296394,1.33392,1.33392,0.026911531023189595,10.0,stop_risk,67362.0,67362.0,0.14940720000000002,0.024783428316481972,0.2612,0.013208600000000001,0.0,4.369278256935924e-06,0.0056,0.2479914,0.005003169796227825,target_intrabar,False,False,True
12,PF_XBTUSD,1,0.0001,2026-02-25T02:00:00+00:00,2026-02-25T17:00:00+00:00,2026-02-25T18:00:00+00:00,65893.0,65907.0,68480.0,68466.0,6.5907,0.13230392664529944,49.81484803296394,50.06401643628774,0.65907,0.65907,0.013230392664529946,10.0,stop_risk,64561.0,64561.0,0.14242275000000001,0.02490742401648197,0.2559,0.0067186500000000005,-1.2946676193491826e-05,8.235586394343535e-05,0.0028,0.24916840332380655,0.005001890262897612,target_intrabar,False,False,True
13,PF_XBTUSD,1,0.0001,2026-02-25T19:00:00+00:00,2026-02-25T23:00:00+00:00,2026-02-26T00:00:00+00:00,69326.0,69340.0,68014.0,68000.0,6.934,0.1385026710516588,50.06401643628774,49.92341881140052,0.6934,0.6934,0.01385026710516588,10.0,stop_risk,68014.0,68014.0,0.14086700000000002,0.025032008218143872,-0.134,0.006867,0.000269375112786571,7.169901205191438e-05,0.0028,-0.14059762488721345,-0.0028083568777615,stop_intrabar,False,False,False
14,PF_ETHUSD,-1,0.004,2026-02-26T16:00:00+00:00,2026-02-27T11:00:00+00:00,2026-02-27T12:00:00+00:00,2033.3,2032.8,1968.0,1968.4,8.1312,0.16287346086448626,49.92341881140052,50.17306977203898,0.8131200000000001,0.8131200000000001,0.016287346086448627,9.999999999999998,stop_risk,2076.4,2076.4,0.18461940000000054,0.024961709405700264,0.25759999999999944,0.0080024,5.3360638442097696e-05,5.1208157860000884e-05,0.0036000000000003638,0.24965096063844155,0.005000678370637373,target_intrabar,False,False,True
15,PF_XBTUSD,-1,0.0002,2026-02-27T13:00:00+00:00,2026-02-28T06:00:00+00:00,2026-02-28T07:00:00+00:00,65939.0,65925.0,64593.0,64606.0,13.185,0.26279037858169657,50.17306977203898,50.42398075315963,1.3185000000000002,1.3185000000000002,0.026279037858169662,9.999999999999998,stop_risk,66962.0,66962.0,0.2234901,0.02508653488601949,0.26380000000000003,0.013053100000000002,0.00016408112065859878,2.249566664005e-05,0.0054,0.2509109811206586,0.005000909497080228,target_intrabar,False,False,True
16,PF_XBTUSD,1,0.0001,2026-02-28T20:00:00+00:00,2026-03-02T15:00:00+00:00,2026-03-02T16:00:00+00:00,66356.0,66370.0,68967.0,68953.0,6.6370000000000005,0.13162388016309318,50.42398075315963,50.676142769097325,0.6637000000000001,0.6637000000000001,0.013162388016309319,10.0,stop_risk,64522.0,64522.0,0.19264395,0.02521199037657982,0.25830000000000003,0.00676615,0.0006281659376807061,3.71653049666686e-05,0.0028,0.25216201593768073,0.005000835161588862,target_intrabar,False,False,True
17,PF_XBTUSD,1,0.0001,2026-03-04T08:00:00+00:00,2026-03-04T14:00:00+00:00,2026-03-04T15:00:00+00:00,69500.0,69514.0,72134.0,72119.0,6.9514000000000005,0.13717302896697603,50.676142769097325,50.929579265022596,0.6951400000000001,0.6951400000000001,0.013717302896697604,10.0,stop_risk,68108.0,68108.0,0.14888040000000002,0.02533807138454866,0.2605,0.00708165,1.814592527276339e-05,1.6329790937714285e-05,0.0029000000000000002,0.25343649592527273,0.0050011007562284346,target_intrabar,False,False,True
18,PF_XBTUSD,1,0.0001,2026-03-04T16:00:00+00:00,2026-03-05T15:00:00+00:00,2026-03-05T16:00:00+00:00,73392.0,73407.0,71457.0,71442.0,7.3407,0.14413431459547604,50.929579265022596,50.72706457190062,0.73407,0.73407,0.014413431459547604,10.0,stop_risk,71457.0,71457.0,0.20374245000000002,0.0254647896325113,-0.1965,0.007242450000000001,0.0012277568780209155,5.778900215963808e-05,0.003,-0.2025146931219791,-0.003976366898068253,stop_intrabar,False,False,False
19,PF_XBTUSD,-1,0.0001,2026-03-05T18:00:00+00:00,2026-03-06T17:00:00+00:00,2026-03-06T18:00:00+00:00,70727.0,70712.0,68092.0,68106.0,7.0712,0.13939698777518006,50.72706457190062,50.980744190840326,0.7071200000000001,0.7071200000000001,0.013939698777518007,9.999999999999998,stop_risk,72325.0,72325.0,0.1699526,0.02536353228595031,0.2606,0.0069409,2.0518939680511712e-05,1.7893799275339154e-05,0.0029000000000000002,0.2536796189396805,0.005000873223801756,target_intrabar,False,False,True
20,PF_XBTUSD,-1,0.0002,2026-03-07T07:00:00+00:00,2026-03-08T22:00:00+00:00,2026-03-08T23:00:00+00:00,67680.0,67666.0,66312.0,66326.0,13.5332,0.2654570900208926,50.980744190840326,51.23571702002971,1.35332,1.35332,0.026545709002089267,10.0,stop_risk,68474.0,68474.0,0.17801540000000002,0.02549037209542017,0.268,0.0133992,0.00037202918937584824,1.2009171148261512e-05,0.0056,0.25497282918937586,0.005001355575252404,target_intrabar,False,False,True
21,PF_ETHUSD,1,0.004,2026-03-09T06:00:00+00:00,2026-03-10T14:00:00+00:00,2026-03-10T15:00:00+00:00,2010.3,2010.8,2077.3,2076.8,8.0432,0.15698423810201878,51.23571702002971,51.492285422971364,0.8043200000000001,0.8043200000000001,0.01569842381020188,9.999999999999998,stop_risk,1959.1,1959.1,0.21633899999999964,0.025617858510014857,0.2640000000000009,0.0081752,0.0007436029416482447,8.2891601268e-05,0.004,0.2565684029416492,0.005007608322166121,target_intrabar,False,False,True
22,PF_XBTUSD,-1,0.0002,2026-03-11T12:00:00+00:00,2026-03-11T13:00:00+00:00,2026-03-11T14:00:00+00:00,69175.0,69161.0,70098.0,70113.0,13.8322,0.2686266473973455,51.492285422971364,51.287868202428044,1.3832200000000001,1.3832200000000001,0.02686266473973455,10.0,stop_risk,70098.0,70098.0,0.2043274,0.025746142711485683,-0.1904,0.013927400000000001,-8.98205433290599e-05,6.661029074698118e-05,0.0058000000000000005,-0.2044172205433291,-0.0039698610940297465,stop_intrabar,False,False,False
23,PF_XBTUSD,1,0.0001,2026-03-13T01:00:00+00:00,2026-03-15T01:00:00+00:00,2026-03-15T01:00:00+00:00,71489.0,71504.0,70983.0,70968.0,7.1504,0.13941698593862573,51.287868202428044,51.228014286528925,0.7150400000000001,0.7150400000000001,0.013941698593862574,9.999999999999998,stop_risk,70113.0,70113.0,0.1476801,0.025643934101214023,-0.0536,0.007123600000000001,0.0008696841008701827,0.0,0.003,-0.05985391589912982,-0.0011670189851309954,time_exit,False,False,False
24,PF_XBTUSD,1,0.0003,2026-03-15T03:00:00+00:00,2026-03-15T22:00:00+00:00,2026-03-15T23:00:00+00:00,71449.0,71464.0,72398.0,72383.0,21.4392,0.41850538808875354,51.228014286528925,51.48426062135726,2.14392,2.14392,0.041850538808875355,10.0,stop_risk,70937.0,70937.0,0.18395789999999998,0.025614007143264464,0.2757,0.021577049999999997,0.002123384828325284,0.00011787607664814758,0.009,0.2562463348283253,0.005002074321973253,target_intrabar,False,False,True
25,PF_XBTUSD,1,0.0001,2026-03-16T04:00:00+00:00,2026-03-18T04:00:00+00:00,2026-03-18T04:00:00+00:00,73576.0,73591.0,74466.0,74451.0,7.359100000000001,0.14293883045388864,51.48426062135726,51.5628672591743,0.7359100000000001,0.7359100000000001,0.014293883045388865,10.0,stop_risk,72298.0,72298.0,0.13809369999999999,0.02574213031067863,0.08600000000000001,0.0074021,8.737817021166069e-06,0.0,0.003,0.07860663781702117,0.0015268091037596199,time_exit,False,False,False
26,PF_XBTUSD,-1,0.0002,2026-03-18T12:00:00+00:00,2026-03-18T14:00:00+00:00,2026-03-18T15:00:00+00:00,72955.0,72940.0,71563.0,71578.0,14.588000000000001,0.2829167727751687,51.5628672591743,51.820781776259984,1.4588,1.4588,0.028291677277516872,10.0,stop_risk,73924.0,73924.0,0.2144879,0.02578143362958715,0.27240000000000003,0.0144518,-3.368291431229051e-05,2.5306442534376607e-05,0.006,0.25791451708568774,0.005001942886327727,target_intrabar,False,False,True
27,PF_XBTUSD,-1,0.0002,2026-03-19T08:00:00+00:00,2026-03-19T15:00:00+00:00,2026-03-19T16:00:00+00:00,70196.0,70181.0,68802.0,68816.0,14.036200000000001,0.2708604447652357,51.820781776259984,52.07989110012924,1.40362,1.40362,0.02708604447652357,10.0,stop_risk,71233.0,71233.0,0.22754290000000002,0.02591039088812999,0.273,0.013899700000000001,9.023869249152772e-06,4.3761976885998455e-05,0.0058000000000000005,0.2591093238692492,0.005000104494524467,target_intrabar,False,False,True
28,PF_XBTUSD,1,0.0001,2026-03-20T04:00:00+00:00,2026-03-20T15:00:00+00:00,2026-03-20T16:00:00+00:00,70738.0,70753.0,69551.0,69537.0,7.0753,0.13585473875889964,52.07989110012924,51.95118013346393,0.7075300000000001,0.7075300000000001,0.013585473875889965,9.999999999999998,stop_risk,69551.0,69551.0,0.1286145,0.02603994555006462,-0.1216,0.0070145,-9.646666531513332e-05,3.820997820516988e-06,0.0029000000000000002,-0.12871096666531512,-0.002471413897887273,stop_intrabar,False,False,False
29,PF_XBTUSD,-1,0.0002,2026-03-22T00:00:00+00:00,2026-03-22T21:00:00+00:00,2026-03-22T22:00:00+00:00,68902.0,68888.0,67503.0,67517.0,13.777600000000001,0.26520283013022977,51.95118013346393,52.211068768517634,1.3777600000000003,1.3777600000000003,0.02652028301302298,9.999999999999998,stop_risk,69608.0,69608.0,0.16065100000000002,0.025975590066731963,0.2742,0.0136405,-0.00067086494630466,2.4622311466254547e-05,0.0056,0.2598886350536953,0.005002554983082861,target_intrabar,False,False,True
30,PF_XBTUSD,1,0.0001,2026-03-23T12:00:00+00:00,2026-03-25T12:00:00+00:00,2026-03-25T12:00:00+00:00,70085.0,70100.0,71677.0,71662.0,7.010000000000001,0.13426271795123468,52.211068768517634,52.35849108616389,0.7010000000000001,0.7010000000000001,0.013426271795123467,10.0,stop_risk,68424.0,68424.0,0.1759255,0.02610553438425882,0.1562,0.0070881,-0.0016895823537336615,0.0,0.003,0.14742231764626634,0.002823583602547501,time_exit,False,False,False
31,PF_XBTUSD,-1,0.0002,2026-03-26T06:00:00+00:00,2026-03-26T17:00:00+00:00,2026-03-26T18:00:00+00:00,70002.0,69987.0,68599.0,68613.0,13.9974,0.26733772707401254,52.35849108616389,52.62039799201207,1.3997400000000002,1.3997400000000002,0.02673377270740126,9.999999999999998,stop_risk,70937.0,70937.0,0.2070939,0.026179245543081944,0.2748,0.01386,0.0009669058481736102,0.00011712874205036723,0.0058000000000000005,0.26190690584817355,0.005002185899841265,target_intrabar,False,False,True
32,PF_XBTUSD,-1,0.0002,2026-03-27T09:00:00+00:00,2026-03-27T10:00:00+00:00,2026-03-27T11:00:00+00:00,67882.0,67868.0,66471.0,66485.0,13.5736,0.25795319910086034,52.62039799201207,52.8835697887568,1.3573600000000001,1.3573600000000001,0.02579531991008603,10.0,stop_risk,68856.0,68856.0,0.21407379999999998,0.026310198996006035,0.2766,0.0134353,7.096744734477559e-06,8.793180420711569e-06,0.0056,0.2631717967447345,0.00500132661073154,target_intrabar,False,False,True
33,PF_XBTUSD,-1,0.0001,2026-03-27T14:00:00+00:00,2026-03-29T14:00:00+00:00,2026-03-29T14:00:00+00:00,66148.0,66134.0,66521.0,66535.0,6.6134,0.12505585433088573,52.8835697887568,52.835806494822954,0.66134,0.66134,0.012505585433088573,10.0,stop_risk,67270.0,67270.0,0.12167090000000001,0.0264417848943784,-0.040100000000000004,0.006633450000000001,-0.0010298439338272455,0.0,0.0028,-0.04776329393382726,-0.0009031783240922944,time_exit,False,False,False
34,PF_XBTUSD,-1,0.0002,2026-03-29T23:00:00+00:00,2026-03-30T00:00:00+00:00,2026-03-30T01:00:00+00:00,65801.0,65787.0,66644.0,66658.0,13.1574,0.24902430516110718,52.835806494822954,52.64827996261329,1.3157400000000001,1.3157400000000001,0.02490243051611072,10.0,stop_risk,66644.0,66644.0,0.18744450000000001,0.02641790324741148,-0.17420000000000002,0.013244500000000001,-8.203220967156551e-05,8.696083447576698e-05,0.0056,-0.18752653220967158,-0.003549231944212797,stop_intrabar,False,False,False
35,PF_ETHUSD,1,0.005,2026-03-30T03:00:00+00:00,2026-03-30T11:00:00+00:00,2026-03-30T12:00:00+00:00,2028.0,2028.5,2083.8,2083.3,10.1425,0.1926463695908473,52.64827996261329,52.91159979992204,1.01425,1.01425,0.019264636959084733,10.0,stop_risk,1983.8,1983.8,0.23552974999999954,0.026324139981306643,0.2740000000000009,0.0102795,-0.00040066269124471883,6.815564553891175e-06,0.005,0.26331983730875613,0.0050014898396632404,target_intrabar,False,False,True
36,PF_XBTUSD,-1,0.0002,2026-03-31T10:00:00+00:00,2026-03-31T13:00:00+00:00,2026-03-31T14:00:00+00:00,66069.0,66055.0,67133.0,67147.0,13.211,0.2496806002834083,52.91159979992204,52.67993152673159,1.3211000000000002,1.3211000000000002,0.024968060028340833,9.999999999999998,stop_risk,67133.0,67133.0,0.23172020000000004,0.02645579989996102,-0.2184,0.0133202,5.192680955685458e-05,3.7533260933936474e-05,0.0056,-0.23166827319044317,-0.004378402355371317,stop_intrabar,False,False,False
37,PF_XBTUSD,1,0.0002,2026-04-01T07:00:00+00:00,2026-04-01T13:00:00+00:00,2026-04-01T14:00:00+00:00,69056.0,69070.0,67991.0,67977.0,13.814,0.2622250940662348,52.67993152673159,52.44799523729995,1.3814000000000002,1.3814000000000002,0.026222509406623483,9.999999999999998,stop_risk,67991.0,67991.0,0.2323047,0.026339965763365798,-0.21860000000000002,0.0137047,0.0003684105683568973,6.41621615657803e-05,0.0056,-0.2319362894316431,-0.004402744702011443,stop_intrabar,False,False,False
38,PF_XBTUSD,-1,0.0001,2026-04-02T02:00:00+00:00,2026-04-04T02:00:00+00:00,2026-04-04T02:00:00+00:00,67335.0,67321.0,66839.0,66853.0,6.7321,0.12835762300428724,52.44799523729995,52.48665206290435,0.6732100000000001,0.6732100000000001,0.012835762300428726,9.999999999999998,stop_risk,68451.0,68451.0,0.12118930000000001,0.026223997618649977,0.0468,0.006708700000000001,-0.0014344743956067674,0.0,0.0028,0.03865682560439323,0.00073705058562279,time_exit,False,False,False
39,PF_XBTUSD,1,0.0006,2026-04-04T11:00:00+00:00,2026-04-05T05:00:00+00:00,2026-04-05T06:00:00+00:00,67157.0,67171.0,66911.0,66897.0,40.3026,0.7678637980509412,52.48665206290435,52.282942475111916,4.03026,4.03026,0.07678637980509412,10.0,stop_risk,66911.0,66911.0,0.20462039999999998,0.026243326031452175,-0.1644,0.0402204,0.0009108122075644201,7.684551842271341e-05,0.0168,-0.2037095877924356,-0.0038811693980460625,stop_intrabar,False,False,False
40,PF_XBTUSD,-1,0.0005,2026-04-05T07:00:00+00:00,2026-04-05T15:00:00+00:00,2026-04-05T16:00:00+00:00,66785.0,66771.0,67138.0,67152.0,33.3855,0.6385543433385065,52.282942475111916,52.057800980133045,3.33855,3.33855,0.06385543433385066,10.0,stop_risk,67138.0,67138.0,0.22398075,0.02614147123755596,-0.1905,0.033480750000000004,-0.001160744978878695,4.447615604925098e-05,0.014,-0.2251414949788787,-0.0043062131609377585,stop_intrabar,False,False,False
41,PF_XBTUSD,1,0.0003,2026-04-05T23:00:00+00:00,2026-04-06T00:00:00+00:00,2026-04-06T01:00:00+00:00,68309.0,68323.0,69274.0,69260.0,20.496899999999997,0.39373349649982875,52.057800980133045,52.318302477954376,2.0496899999999996,2.0496899999999996,0.039373349649982875,10.0,stop_risk,67636.0,67636.0,0.23069174999999997,0.026028900490066526,0.28109999999999996,0.020637449999999998,3.894782133243256e-05,1.1265329157076864e-05,0.0084,0.2605014978213324,0.005004081865093539,target_intrabar,False,False,True
42,PF_ETHUSD,1,0.005,2026-04-06T10:00:00+00:00,2026-04-06T22:00:00+00:00,2026-04-06T23:00:00+00:00,2150.6,2151.1,2107.4,2106.9,10.7555,0.20557815316221503,52.318302477954376,52.08654501480251,1.07555,1.07555,0.020557815316221504,10.0,stop_risk,2107.4,2107.4,0.23164499999999907,0.02615915123897719,-0.22099999999999909,0.010645000000000002,-0.00011246315185640696,5.79812468147881e-05,0.005,-0.23175746315185547,-0.004429758844899685,stop_intrabar,False,False,False
43,PF_XBTUSD,-1,0.0002,2026-04-07T11:00:00+00:00,2026-04-07T20:00:00+00:00,2026-04-07T21:00:00+00:00,68225.0,68211.0,69112.0,69126.0,13.6422,0.2619140892551621,52.08654501480251,51.88999314970559,1.3642200000000002,1.3642200000000002,0.026191408925516208,9.999999999999998,stop_risk,69112.0,69112.0,0.1967337,0.026043272507401256,-0.183,0.013733700000000001,0.000181834903080245,8.611879384362874e-05,0.0056,-0.19655186509691974,-0.0037735631157924093,stop_intrabar,False,False,False
44,PF_XBTUSD,1,0.0001,2026-04-07T22:00:00+00:00,2026-04-07T23:00:00+00:00,2026-04-08T00:00:00+00:00,69921.0,69935.0,72617.0,72602.0,6.9935,0.1347755043987644,51.88999314970559,52.149458112676434,0.69935,0.69935,0.01347755043987644,10.0,stop_risk,68781.0,68781.0,0.12373510000000001,0.0259449965748528,0.2667,0.0071268500000000005,-0.00010818702915200827,6.404850070928571e-05,0.0029000000000000002,0.259464962970848,0.005000289019547117,target_intrabar,False,False,True
45,PF_XBTUSD,1,0.0002,2026-04-09T16:00:00+00:00,2026-04-11T16:00:00+00:00,2026-04-11T16:00:00+00:00,72134.0,72149.0,72882.0,72867.0,14.4298,0.27670086175818615,52.149458112676434,52.28364681254458,1.4429800000000002,1.4429800000000002,0.027670086175818617,9.999999999999998,stop_risk,71202.0,71202.0,0.20673360000000005,0.02607472905633822,0.1436,0.014501600000000002,0.005090299868160712,0.0,0.006,0.1341886998681607,0.0025731561692976107,time_exit,False,False,False
46,PF_ETHUSD,1,0.009,2026-04-11T17:00:00+00:00,2026-04-11T18:00:00+00:00,2026-04-11T19:00:00+00:00,2259.8,2260.3,2292.2,2291.7,20.3427,0.3890834178598099,52.28364681254458,52.54548916516748,2.0342700000000002,2.0342700000000002,0.038908341785980995,10.0,stop_risk,2238.8,2238.8,0.21824369999999998,0.02614182340627229,0.2825999999999967,0.020484,-0.0002736473771011272,0.00012052077997313177,0.009,0.26184235262289557,0.005008111877920323,target_intrabar,False,False,True
47,PF_XBTUSD,-1,0.0002,2026-04-12T02:00:00+00:00,2026-04-13T17:00:00+00:00,2026-04-13T18:00:00+00:00,71659.0,71644.0,72561.0,72576.0,14.328800000000001,0.27269324594086364,52.54548916516748,52.34171345576874,1.4328800000000002,1.4328800000000002,0.027269324594086364,10.0,stop_risk,72561.0,72561.0,0.200822,0.026272744582583742,-0.1864,0.014422,-0.0029537093987410767,0.00020073849204736227,0.006,-0.20377570939874107,-0.0038780818798395435,stop_intrabar,False,False,False
48,PF_XBTUSD,1,0.0001,2026-04-13T20:00:00+00:00,2026-04-14T14:00:00+00:00,2026-04-14T15:00:00+00:00,73328.0,73343.0,76046.0,76030.0,7.334300000000001,0.14012342194715952,52.34171345576874,52.603459348082254,0.7334300000000001,0.7334300000000001,0.014012342194715954,9.999999999999998,stop_risk,72226.0,72226.0,0.12047770000000001,0.026170856727884374,0.2687,0.00746865,0.0005145423135120203,3.241475366363082e-05,0.0031000000000000003,0.261745892313512,0.005000713103033965,target_intrabar,False,False,True
49,PF_XBTUSD,-1,0.0002,2026-04-15T08:00:00+00:00,2026-04-15T19:00:00+00:00,2026-04-15T20:00:00+00:00,73757.0,73742.0,74629.0,74644.0,14.7484,0.280369393625016,52.603459348082254,52.40733487663275,1.4748400000000002,1.4748400000000002,0.028036939362501602,9.999999999999998,stop_risk,74629.0,74629.0,0.1952386,0.02630172967404113,-0.1804,0.0148386,-0.0008858714495065909,5.000390638244279e-05,0.006,-0.1961244714495066,-0.003728356915687459,stop_intrabar,False,False,False
50,PF_XBTUSD,-1,0.0002,2026-04-16T14:00:00+00:00,2026-04-16T15:00:00+00:00,2026-04-16T16:00:00+00:00,73796.0,73781.0,74709.0,74724.0,14.756200000000002,0.281567456821382,52.40733487663275,52.20387416831185,1.4756200000000002,1.4756200000000002,0.028156745682138204,10.0,stop_risk,74709.0,74709.0,0.20345050000000003,0.026203667438316376,-0.18860000000000002,0.014850500000000003,-1.0208320908817805e-05,2.0530746544006577e-05,0.006,-0.20346070832090882,-0.0038822945070543426,stop_intrabar,False,False,False
51,PF_XBTUSD,1,0.0001,2026-04-16T20:00:00+00:00,2026-04-17T16:00:00+00:00,2026-04-17T17:00:00+00:00,75371.0,75387.0,78091.0,78075.0,7.5387,0.1444088225271229,52.20387416831185,52.464920176681396,0.75387,0.75387,0.014440882252712289,10.0,stop_risk,74132.0,74132.0,0.1344752,0.026101937084155924,0.26880000000000004,0.0076731,-8.089163046475867e-05,0.0001250071988833936,0.0032,0.2610460083695353,0.005000510259600468,target_intrabar,False,False,True
52,PF_XBTUSD,-1,0.0003,2026-04-18T11:00:00+00:00,2026-04-19T07:00:00+00:00,2026-04-19T08:00:00+00:00,76218.0,76202.0,75227.0,75243.0,22.860599999999998,0.435731149938176,52.464920176681396,52.72731017140585,2.28606,2.28606,0.04357311499381761,10.0,stop_risk,76811.0,76811.0,0.21045434999999998,0.0262324600883407,0.28769999999999996,0.022716749999999997,-0.0025932552755501353,0.00012001607970362743,0.0096,0.2623899947244498,0.0050012464298205845,target_intrabar,False,False,True
53,PF_XBTUSD,-1,0.0002,2026-04-19T18:00:00+00:00,2026-04-20T12:00:00+00:00,2026-04-20T13:00:00+00:00,74787.0,74772.0,75666.0,75682.0,14.954400000000001,0.28361772962410303,52.72731017140585,52.52715573593559,1.4954400000000003,1.4954400000000003,0.028361772962410308,9.999999999999998,stop_risk,75666.0,75666.0,0.1970454,0.026363655085702927,-0.182,0.0150454,-0.0031090354702464408,0.00018240997828641888,0.006200000000000001,-0.20015443547024642,-0.0037960297011090595,stop_intrabar,False,False,False
54,PF_XBTUSD,1,0.0001,2026-04-20T18:00:00+00:00,2026-04-22T05:00:00+00:00,2026-04-22T06:00:00+00:00,75898.0,75914.0,78615.0,78599.0,7.5914,0.14452334023497238,52.52715573593559,52.7898040571975,0.75914,0.75914,0.01445233402349724,10.0,stop_risk,74737.0,74737.0,0.1267318,0.02626357786796779,0.2685,0.007725650000000001,0.0018739712619100298,3.057540898575781e-05,0.0032,0.26264832126191,0.005000238782817313,target_intrabar,False,False,True
55,PF_ETHUSD,1,0.005,2026-04-22T14:00:00+00:00,2026-04-22T23:00:00+00:00,2026-04-23T00:00:00+00:00,2418.4,2418.9,2381.1,2380.6,12.0945,0.22910674165215061,52.7898040571975,52.586169326670365,1.2094500000000001,1.2094500000000001,0.022910674165215063,9.999999999999998,stop_risk,2381.1,2381.1,0.2034987500000009,0.02639490202859875,-0.19150000000000092,0.01199875,-0.000135980527137086,4.634838994347756e-05,0.005,-0.203634730527138,-0.003857463276554328,stop_intrabar,False,False,False
56,PF_ETHUSD,-1,0.005,2026-04-23T04:00:00+00:00,2026-04-23T17:00:00+00:00,2026-04-23T18:00:00+00:00,2341.3,2340.8,2285.2,2285.7,11.704,0.22256802786477223,52.586169326670365,52.849507730496164,1.1704,1.1704,0.022256802786477223,10.0,stop_risk,2382.9,2382.9,0.22481049999999955,0.026293084663335183,0.2755000000000018,0.01156625,-0.0005953461742058985,0.0001168303499601376,0.005,0.2633384038257959,0.00500775027345902,target_intrabar,False,False,True
57,PF_XBTUSD,-1,0.0002,2026-04-24T23:00:00+00:00,2026-04-26T05:00:00+00:00,2026-04-26T06:00:00+00:00,77347.0,77331.0,78158.0,78174.0,15.4662,0.2926460560213585,52.849507730496164,52.66393797611685,1.54662,1.54662,0.029264605602135854,10.0,stop_risk,78158.0,78158.0,0.18415050000000002,0.026424753865248087,-0.1686,0.015550500000000002,-0.0014192543793180765,2.167534020082815e-05,0.0064,-0.18556975437931808,-0.0035112863363954724,stop_intrabar,False,False,False
58,PF_ETHUSD,1,0.011,2026-04-26T15:00:00+00:00,2026-04-26T18:00:00+00:00,2026-04-26T19:00:00+00:00,2346.7,2347.2,2374.0,2373.5,25.819199999999995,0.49026337551341165,52.66393797611685,52.927653401113524,2.5819199999999998,2.5819199999999998,0.04902633755134117,9.999999999999998,stop_risk,2329.4,2329.4,0.227018549999997,0.026331968988058424,0.289300000000002,0.025963849999999997,0.00037927499667534965,0.00011092114291180028,0.011,0.26371542499667733,0.00500751434722319,target_intrabar,False,False,True
59,PF_ETHUSD,1,0.006,2026-04-27T01:00:00+00:00,2026-04-27T05:00:00+00:00,2026-04-27T06:00:00+00:00,2390.9,2391.4,2357.3,2356.8,14.348400000000002,0.2710945805826738,52.927653401113524,52.70576454489154,1.4348400000000003,1.4348400000000003,0.027109458058267387,9.999999999999998,stop_risk,2357.3,2357.3,0.22184459999999945,0.026463826700556765,-0.20759999999999945,0.014244600000000003,-4.4256221978499985e-05,2.135844233683969e-05,0.006,-0.22188885622197796,-0.004192304815412612,stop_intrabar,False,False,False
60,PF_XBTUSD,-1,0.0002,2026-04-27T16:00:00+00:00,2026-04-29T09:00:00+00:00,2026-04-29T10:00:00+00:00,76799.0,76783.0,77701.0,77717.0,15.3566,0.291364713757642,52.70576454489154,52.50114767260266,1.53566,1.53566,0.0291364713757642,10.0,stop_risk,77701.0,77701.0,0.20225,0.026352882272445772,-0.18680000000000002,0.01545,-0.002366872288845625,9.951134321343015e-05,0.0064,-0.20461687228884565,-0.0038822484420004107,stop_intrabar,False,False,False
61,PF_XBTUSD,-1,0.0002,2026-04-29T16:00:00+00:00,2026-04-29T18:00:00+00:00,2026-04-29T19:00:00+00:00,75906.0,75890.0,74487.0,74502.0,15.178,0.2890984420883532,52.50114767260266,52.763766142776795,1.5178000000000003,1.5178000000000003,0.028909844208835325,9.999999999999998,stop_risk,76836.0,76836.0,0.20767420000000003,0.026250573836301333,0.2776,0.0150392,5.767017413881845e-05,6.059985151457995e-05,0.006200000000000001,0.2626184701741388,0.005002147225653589,target_intrabar,False,False,True
62,PF_XBTUSD,1,0.0003,2026-05-01T02:00:00+00:00,2026-05-01T03:00:00+00:00,2026-05-01T04:00:00+00:00,76657.0,76673.0,77646.0,77630.0,23.0019,0.43594120893034266,52.763766142776795,53.02771716749,2.30019,2.30019,0.04359412089303427,9.999999999999998,stop_risk,76020.0,76020.0,0.22360154999999995,0.026381883071388397,0.28709999999999997,0.023145449999999998,-3.5252867872249978e-06,1.0818862517935885e-05,0.0096,0.26395102471321275,0.00500250539354926,target_intrabar,False,False,True
63,PF_XBTUSD,1,0.0002,2026-05-01T14:00:00+00:00,2026-05-01T20:00:00+00:00,2026-05-01T21:00:00+00:00,78724.0,78740.0,77834.0,77818.0,15.748000000000001,0.29697676689078206,53.02771716749,52.82829035158474,1.5748000000000002,1.5748000000000002,0.029697676689078207,10.0,stop_risk,77834.0,77834.0,0.2000558,0.026513858583745005,-0.1844,0.0156558,0.0006289840947410242,0.00010721462372317397,0.0064,-0.199426815905259,-0.003760803341304737,stop_intrabar,False,False,False
64,PF_XBTUSD,1,0.0004,2026-05-02T22:00:00+00:00,2026-05-03T01:00:00+00:00,2026-05-03T02:00:00+00:00,78720.0,78736.0,78340.0,78324.0,31.494400000000002,0.5961654217919478,52.82829035158474,52.63196507941664,3.1494400000000002,3.1494400000000002,0.05961654217919478,10.0,stop_risk,78340.0,78340.0,0.196212,0.02641414517579237,-0.1648,0.03141200000000001,-0.00011327216810112511,9.753342786e-07,0.0128,-0.19632527216810114,-0.003716290473560854,stop_intrabar,False,False,False
65,PF_ETHUSD,1,0.01,2026-05-03T20:00:00+00:00,2026-05-03T21:00:00+00:00,2026-05-03T22:00:00+00:00,2335.1,2335.6,2315.5,2315.0,23.355999999999998,0.44376074434534246,52.63196507941664,52.402615966203555,2.3356,2.3356,0.04437607443453424,10.0,stop_risk,2315.5,2315.5,0.22925299999999907,0.02631598253970832,-0.2059999999999991,0.023253000000000003,-9.611321308430296e-05,4.422928005875e-05,0.01,-0.2293491132130834,-0.004357601181468664,stop_intrabar,False,False,False
66,PF_XBTUSD,1,0.0002,2026-05-04T02:00:00+00:00,2026-05-04T10:00:00+00:00,2026-05-04T11:00:00+00:00,79770.0,79786.0,78927.0,78911.0,15.9572,0.3045115154230355,52.402615966203555,52.21186024929101,1.59572,1.59572,0.03045115154230355,10.0,stop_risk,78927.0,78927.0,0.19086970000000003,0.02620130798310178,-0.17500000000000002,0.0158697,0.00011398308745437009,1.4204553867053014e-05,0.0064,-0.19075571691254567,-0.0036401945474548694,stop_intrabar,False,False,False
67,PF_ETHUSD,1,0.005,2026-05-05T04:00:00+00:00,2026-05-06T18:00:00+00:00,2026-05-06T19:00:00+00:00,2381.8,2382.3,2340.3,2339.8,11.911500000000002,0.22813782047081438,52.21186024929101,51.98822790302069,1.1911500000000002,1.1911500000000002,0.022813782047081437,10.0,stop_risk,2340.3,2340.3,0.22430525,0.026105930124645505,-0.2125,0.011805250000000002,0.0006729037296670595,3.18124626111372e-06,0.005,-0.22363234627033296,-0.004283171394441356,stop_intrabar,False,False,False
68,PF_ETHUSD,-1,0.006,2026-05-07T01:00:00+00:00,2026-05-07T17:00:00+00:00,2026-05-07T18:00:00+00:00,2329.2,2328.7,2282.6,2283.1,13.972199999999999,0.2687569967967338,51.98822790302069,52.24850052935743,1.39722,1.39722,0.02687569967967338,10.0,stop_risk,2362.6,2362.6,0.22047540000000054,0.025994113951510345,0.27359999999999945,0.0138354,0.0005080263367143418,3.4652156312331805e-05,0.006,0.2602726263367138,0.005006376190052653,target_intrabar,False,False,True
69,PF_XBTUSD,-1,0.0002,2026-05-08T03:00:00+00:00,2026-05-08T12:00:00+00:00,2026-05-08T13:00:00+00:00,79474.0,79458.0,80350.0,80367.0,15.8916,0.3041541831630329,52.24850052935743,52.05120036985039,1.5891600000000001,1.5891600000000001,0.030415418316303292,10.0,stop_risk,80350.0,80350.0,0.19778250000000003,0.026124250264678718,-0.18180000000000002,0.0159825,0.00048234049297571477,1.913248908e-07,0.0066,-0.19730015950702431,-0.0037761879768428023,stop_intrabar,False,False,False
70,PF_ETHUSD,1,0.007,2026-05-08T18:00:00+00:00,2026-05-10T15:00:00+00:00,2026-05-10T16:00:00+00:00,2304.6,2305.1,2346.0,2345.5,16.1357,0.30999669335860847,52.05120036985039,52.3119181755669,1.6135700000000002,1.6135700000000002,0.03099966933586085,9.999999999999998,stop_risk,2277.2,2277.2,0.21483630000000065,0.026025600184925196,0.28280000000000066,0.016277100000000003,-0.005805094283508895,0.00014584519094075545,0.007,0.2607178057164918,0.0050088721079237074,target_intrabar,False,False,True
71,PF_ETHUSD,1,0.011,2026-05-10T18:00:00+00:00,2026-05-10T20:00:00+00:00,2026-05-10T21:00:00+00:00,2363.7,2364.2,2346.8,2346.3,26.006199999999996,0.4971371898984694,52.3119181755669,52.0884799917941,2.6006199999999997,2.6006199999999997,0.049713718989846944,10.0,stop_risk,2346.8,2346.8,0.22280774999999597,0.026155959087783454,-0.196899999999996,0.02590775,-0.000630433772805666,0.0001280443657013773,0.011,-0.22343818377280164,-0.004271267266914367,stop_intrabar,False,False,False
72,PF_XBTUSD,1,0.0002,2026-05-10T23:00:00+00:00,2026-05-11T03:00:00+00:00,2026-05-11T04:00:00+00:00,82015.0,82032.0,81035.0,81018.0,16.4064,0.31497175580060366,52.0884799917941,51.86967075385862,1.6406400000000003,1.6406400000000003,0.03149717558006037,9.999999999999998,stop_risk,81035.0,81035.0,0.21910500000000002,0.026044239995897053,-0.2028,0.016305,0.0002957620645206294,2.397713939694055e-05,0.0068000000000000005,-0.21880923793547938,-0.0042007222704511646,stop_intrabar,False,False,False
73,PF_ETHUSD,-1,0.009,2026-05-12T08:00:00+00:00,2026-05-12T14:00:00+00:00,2026-05-12T15:00:00+00:00,2294.8,2294.3,2262.9,2263.4,20.6487,0.39808812548639383,51.86967075385862,52.12905758906643,2.0648700000000004,2.0648700000000004,0.03980881254863938,9.999999999999998,stop_risk,2317.1,2317.1,0.2304535499999975,0.02593483537692931,0.2781000000000008,0.02050965,0.00179648520780785,0.0001702825416959932,0.009,0.25938683520780864,0.005000741887078832,target_intrabar,False,False,True
74,PF_XBTUSD,-1,0.0003,2026-05-12T16:00:00+00:00,2026-05-13T01:00:00+00:00,2026-05-13T02:00:00+00:00,80300.0,80283.0,80939.0,80956.0,24.084899999999998,0.4620244660830311,52.12905758906643,51.901999014945076,2.40849,2.40849,0.04620244660830312,9.999999999999998,stop_risk,80939.0,80939.0,0.22608584999999998,0.026064528794533217,-0.2019,0.024185850000000002,-0.0009727241213435707,0.0001206903606245473,0.010199999999999999,-0.2270585741213436,-0.004355700728588789,stop_intrabar,False,False,False
75,PF_ETHUSD,1,0.009,2026-05-13T05:00:00+00:00,2026-05-13T12:00:00+00:00,2026-05-13T13:00:00+00:00,2307.0,2307.5,2284.5,2284.0,20.7675,0.40012909703188965,51.901999014945076,51.66782466294917,2.07675,2.07675,0.040012909703188965,9.999999999999998,stop_risk,2284.5,2284.5,0.23216174999999997,0.02595099950747254,-0.2115,0.02066175,-0.0020126019959077314,0.00023350387265274537,0.009,-0.23417435199590772,-0.004511856121928516,stop_intrabar,False,False,False
76,PF_XBTUSD,-1,0.0002,2026-05-13T14:00:00+00:00,2026-05-14T14:00:00+00:00,2026-05-14T15:00:00+00:00,79639.0,79623.0,80378.0,80395.0,15.924600000000002,0.30821115663147863,51.66782466294917,51.49978825612467,1.5924600000000002,1.5924600000000002,0.030821115663147863,10.0,stop_risk,80378.0,80378.0,0.17040180000000002,0.025833912331474584,-0.1544,0.0160018,0.0023653931754904285,8.1219280891975e-05,0.0066,-0.1680364068245096,-0.0032522446594313065,stop_intrabar,False,False,False
77,PF_XBTUSD,1,0.0002,2026-05-14T16:00:00+00:00,2026-05-15T05:00:00+00:00,2026-05-15T06:00:00+00:00,81278.0,81295.0,80292.0,80275.0,16.259,0.3157100359158541,51.49978825612467,51.280564138853364,1.6259000000000001,1.6259000000000001,0.03157100359158541,10.0,stop_risk,80292.0,80292.0,0.22015700000000002,0.025749894128062334,-0.20400000000000001,0.016156999999999998,0.0009328827286990291,9.569379997905295e-05,0.0068000000000000005,-0.21922411727130098,-0.00425679647809483,stop_intrabar,False,False,False
78,PF_XBTUSD,-1,0.0001,2026-05-15T14:00:00+00:00,2026-05-17T14:00:00+00:00,2026-05-17T14:00:00+00:00,78726.0,78710.0,78168.0,78184.0,7.871,0.15348895107096605,51.280564138853364,51.3246764849256,0.7871000000000001,0.7871000000000001,0.015348895107096607,9.999999999999998,stop_risk,79822.0,79822.0,0.1207274,0.025640282069426687,0.0526,0.007844700000000001,-0.0006429539277508178,0.0,0.0032,0.04411234607224918,0.0008602156940552631,time_exit,False,False,False
79,PF_XBTUSD,-1,0.0002,2026-05-18T00:00:00+00:00,2026-05-18T14:00:00+00:00,2026-05-18T15:00:00+00:00,77402.0,77386.0,76009.0,76025.0,15.477200000000002,0.3015547502680462,51.3246764849256,51.58135638227328,1.5477200000000002,1.5477200000000002,0.030155475026804622,10.0,stop_risk,78134.0,78134.0,0.16835360000000002,0.025662338242462803,0.2722,0.0153411,-0.00017900265231300541,1.313490005396239e-05,0.0064,0.256679897347687,0.005001101125753332,target_intrabar,False,False,True
80,PF_XBTUSD,1,0.0003,2026-05-20T06:00:00+00:00,2026-05-20T15:00:00+00:00,2026-05-20T16:00:00+00:00,77138.0,77154.0,78111.0,78095.0,23.146199999999997,0.44873189895321447,51.58135638227328,51.83943436592886,2.3146199999999997,2.3146199999999997,0.04487318989532145,10.0,stop_risk,76537.0,76537.0,0.21295124999999998,0.025790678191136642,0.2823,0.02328735,-0.0009346663444185226,6.84164825274734e-05,0.0096,0.2580779836555815,0.005003319062471842,target_intrabar,False,False,True
81,PF_ETHUSD,-1,0.008,2026-05-21T11:00:00+00:00,2026-05-21T17:00:00+00:00,2026-05-21T18:00:00+00:00,2112.0,2111.5,2137.9,2138.4,16.892,0.3258523208559961,51.83943436592886,51.60763870559236,1.6892,1.6892,0.03258523208559961,10.0,stop_risk,2137.9,2137.9,0.23219960000000073,0.02591971718296443,-0.21520000000000072,0.016999600000000004,0.00040393966350712237,6.403221159199433e-05,0.008,-0.2317956603364936,-0.004471415692931245,stop_intrabar,False,False,False
82,PF_XBTUSD,-1,0.0003,2026-05-22T15:00:00+00:00,2026-05-22T18:00:00+00:00,2026-05-22T19:00:00+00:00,76699.0,76683.0,75731.0,75747.0,23.0049,0.44576540560665334,51.60763870559236,51.86586217052893,2.30049,2.30049,0.04457654056066533,10.0,stop_risk,77204.0,77204.0,0.18418545,0.025803819352796183,0.2808,0.022864499999999996,0.00028796493657002437,2.003525420870672e-05,0.0096,0.25822346493657,0.00500358999972204,target_intrabar,False,False,True
83,PF_ETHUSD,-1,0.006,2026-05-22T20:00:00+00:00,2026-05-23T07:00:00+00:00,2026-05-23T08:00:00+00:00,2063.0,2062.5,2016.8,2017.3,12.375,0.2385962458179609,51.86586217052893,52.125270222202026,1.2375,1.2375,0.023859624581796093,10.0,stop_risk,2094.3,2094.3,0.20627190000000112,0.02593293108526447,0.2712000000000003,0.012239400000000001,0.00044745167309648347,0.00011417608531116941,0.006,0.2594080516730968,0.005001518162759799,target_intrabar,False,False,True
84,PF_XBTUSD,1,0.0002,2026-05-23T20:00:00+00:00,2026-05-23T20:00:00+00:00,2026-05-23T21:00:00+00:00,75903.0,75919.0,77315.0,77299.0,15.183800000000002,0.29129441315649385,52.125270222202026,52.3859104370576,1.5183800000000003,1.5183800000000003,0.029129441315649384,10.0,stop_risk,75155.0,75155.0,0.1711058,0.026062635111101014,0.276,0.015321800000000002,-3.798514442514058e-05,3.798514442514058e-05,0.0064,0.26064021485557487,0.005000265969739929,target_intrabar,False,False,True
85,PF_ETHUSD,1,0.01,2026-05-25T15:00:00+00:00,2026-05-25T20:00:00+00:00,2026-05-25T21:00:00+00:00,2126.5,2127.0,2106.5,2106.0,21.27,0.4060252045357921,52.3859104370576,52.15412367483972,2.1270000000000002,2.1270000000000002,0.04060252045357921,9.999999999999998,stop_risk,2106.5,2106.5,0.23116499999999998,0.026192955218528803,-0.21,0.021165,-0.0006217622178884793,9.089199151111583e-05,0.01,-0.2317867622178885,-0.004424601200667945,stop_intrabar,False,False,False
86,PF_XBTUSD,-1,0.0003,2026-05-26T01:00:00+00:00,2026-05-26T10:00:00+00:00,2026-05-26T11:00:00+00:00,76721.0,76705.0,77310.0,77326.0,23.011499999999998,0.44122110350214255,52.15412367483972,51.945285419702,2.30115,2.30115,0.04412211035021425,10.0,stop_risk,77310.0,77310.0,0.20940464999999997,0.026077061837419858,-0.1863,0.023104649999999997,0.000566394862284405,3.929955480531411e-05,0.0096,-0.2088382551377156,-0.004004252021177449,stop_intrabar,False,False,False
87,PF_XBTUSD,-1,0.0003,2026-05-27T14:00:00+00:00,2026-05-27T21:00:00+00:00,2026-05-27T22:00:00+00:00,74961.0,74946.0,73995.0,74010.0,22.4838,0.43283620098220227,51.945285419702,52.20522064327868,2.24838,2.24838,0.04328362009822023,10.0,stop_risk,75606.0,75606.0,0.22538519999999998,0.025972642709851,0.2808,0.0223434,0.001478623576679644,0.00016834086118988997,0.009,0.2599352235766797,0.005004019546268399,target_intrabar,False,False,True
88,PF_XBTUSD,-1,0.0001,2026-05-28T04:00:00+00:00,2026-05-29T17:00:00+00:00,2026-05-29T18:00:00+00:00,73154.0,73139.0,74228.0,74243.0,7.3139,0.1400990151919155,52.20522064327868,52.088636080532446,0.7313900000000001,0.7313900000000001,0.01400990151919155,9.999999999999998,stop_risk,74228.0,74228.0,0.11776910000000002,0.026102610321639342,-0.11040000000000001,0.007369100000000001,0.0011845372537633004,2.4239632111112757e-05,0.003,-0.11658456274623671,-0.0022331973950051056,stop_intrabar,False,False,False
89,PF_XBTUSD,-1,0.0004,2026-05-31T15:00:00+00:00,2026-05-31T22:00:00+00:00,2026-05-31T23:00:00+00:00,73502.0,73487.0,73879.0,73894.0,29.3948,0.5643227047556728,52.088636080532446,51.896797286687764,2.93948,2.93948,0.05643227047556729,10.0,stop_risk,73879.0,73879.0,0.1922762,0.026044318040266225,-0.1628,0.0294762,0.00043740615532107517,0.00014811819890340883,0.012,-0.19183879384467895,-0.0036829298726133585,stop_intrabar,False,False,False
