nominal_per_margin,hypothetical_25x_not_account_eligible,allocated_margin_fraction,allocated_margin_usd,notional_usd,exposure_over_equity,risk_fraction,target_fraction,fees_round_trip_usd,fees_and_base_friction_round_trip_usd,funding_reserve_usd,approx_price_stop_distance_after_cost_budget,positive_price_stop_budget,approx_price_move_for_net_target,fifty_fixed_nominal_round_trips_fees_usd,fifty_fixed_nominal_round_trips_fees_and_friction_usd
10,False,0.01,0.5,5.0,0.1,0.001,0.005,0.005,0.007,0.005000000000000001,0.0076,True,0.0514,0.25,0.35000000000000003
10,False,0.01,0.5,5.0,0.1,0.0025,0.005,0.005,0.007,0.0125,0.0211,True,0.0514,0.25,0.35000000000000003
10,False,0.01,0.5,5.0,0.1,0.005,0.005,0.005,0.007,0.025,0.0436,True,0.0514,0.25,0.35000000000000003
10,False,0.02,1.0,10.0,0.2,0.001,0.005,0.01,0.014,0.005000000000000001,0.0031,True,0.0264,0.5,0.7000000000000001
10,False,0.02,1.0,10.0,0.2,0.0025,0.005,0.01,0.014,0.0125,0.009850000000000001,True,0.0264,0.5,0.7000000000000001
10,False,0.02,1.0,10.0,0.2,0.005,0.005,0.01,0.014,0.025,0.0211,True,0.0264,0.5,0.7000000000000001
10,False,0.05,2.5,25.0,0.5,0.001,0.005,0.025,0.034999999999999996,0.005000000000000001,0.0004000000000000001,True,0.011399999999999999,1.25,1.7499999999999998
10,False,0.05,2.5,25.0,0.5,0.0025,0.005,0.025,0.034999999999999996,0.0125,0.0031000000000000003,True,0.011399999999999999,1.25,1.7499999999999998
10,False,0.05,2.5,25.0,0.5,0.005,0.005,0.025,0.034999999999999996,0.025,0.0076,True,0.011399999999999999,1.25,1.7499999999999998
10,False,0.1,5.0,50.0,1.0,0.001,0.005,0.05,0.06999999999999999,0.005000000000000001,-0.0004999999999999999,False,0.0064,2.5,3.4999999999999996
10,False,0.1,5.0,50.0,1.0,0.0025,0.005,0.05,0.06999999999999999,0.0125,0.0008500000000000002,True,0.0064,2.5,3.4999999999999996
10,False,0.1,5.0,50.0,1.0,0.005,0.005,0.05,0.06999999999999999,0.025,0.0031000000000000003,True,0.0064,2.5,3.4999999999999996
10,False,0.2,10.0,100.0,2.0,0.001,0.005,0.1,0.13999999999999999,0.005000000000000001,-0.0009499999999999999,False,0.0039000000000000003,5.0,6.999999999999999
10,False,0.2,10.0,100.0,2.0,0.0025,0.005,0.1,0.13999999999999999,0.0125,-0.00027499999999999985,False,0.0039000000000000003,5.0,6.999999999999999
10,False,0.2,10.0,100.0,2.0,0.005,0.005,0.1,0.13999999999999999,0.025,0.0008500000000000002,True,0.0039000000000000003,5.0,6.999999999999999
10,False,0.4,20.0,200.0,4.0,0.001,0.005,0.2,0.27999999999999997,0.005000000000000001,-0.0011749999999999998,False,0.00265,10.0,13.999999999999998
10,False,0.4,20.0,200.0,4.0,0.0025,0.005,0.2,0.27999999999999997,0.0125,-0.0008374999999999999,False,0.00265,10.0,13.999999999999998
10,False,0.4,20.0,200.0,4.0,0.005,0.005,0.2,0.27999999999999997,0.025,-0.00027499999999999985,False,0.00265,10.0,13.999999999999998
25,True,0.01,0.5,12.5,0.25,0.001,0.005,0.0125,0.017499999999999998,0.005000000000000001,0.0022,True,0.021400000000000002,0.625,0.8749999999999999
25,True,0.01,0.5,12.5,0.25,0.0025,0.005,0.0125,0.017499999999999998,0.0125,0.0076,True,0.021400000000000002,0.625,0.8749999999999999
25,True,0.01,0.5,12.5,0.25,0.005,0.005,0.0125,0.017499999999999998,0.025,0.0166,True,0.021400000000000002,0.625,0.8749999999999999
25,True,0.02,1.0,25.0,0.5,0.001,0.005,0.025,0.034999999999999996,0.005000000000000001,0.0004000000000000001,True,0.011399999999999999,1.25,1.7499999999999998
25,True,0.02,1.0,25.0,0.5,0.0025,0.005,0.025,0.034999999999999996,0.0125,0.0031000000000000003,True,0.011399999999999999,1.25,1.7499999999999998
25,True,0.02,1.0,25.0,0.5,0.005,0.005,0.025,0.034999999999999996,0.025,0.0076,True,0.011399999999999999,1.25,1.7499999999999998
25,True,0.05,2.5,62.5,1.25,0.001,0.005,0.0625,0.0875,0.005000000000000001,-0.0006799999999999999,False,0.0054,3.125,4.375
25,True,0.05,2.5,62.5,1.25,0.0025,0.005,0.0625,0.0875,0.0125,0.00040000000000000013,True,0.0054,3.125,4.375
25,True,0.05,2.5,62.5,1.25,0.005,0.005,0.0625,0.0875,0.025,0.0022,True,0.0054,3.125,4.375
25,True,0.1,5.0,125.0,2.5,0.001,0.005,0.125,0.175,0.005000000000000001,-0.0010400000000000001,False,0.0034,6.25,8.75
25,True,0.1,5.0,125.0,2.5,0.0025,0.005,0.125,0.175,0.0125,-0.0004999999999999999,False,0.0034,6.25,8.75
25,True,0.1,5.0,125.0,2.5,0.005,0.005,0.125,0.175,0.025,0.00040000000000000013,True,0.0034,6.25,8.75
25,True,0.2,10.0,250.0,5.0,0.001,0.005,0.25,0.35,0.005000000000000001,-0.00122,False,0.0024,12.5,17.5
25,True,0.2,10.0,250.0,5.0,0.0025,0.005,0.25,0.35,0.0125,-0.00095,False,0.0024,12.5,17.5
25,True,0.2,10.0,250.0,5.0,0.005,0.005,0.25,0.35,0.025,-0.0004999999999999999,False,0.0024,12.5,17.5
25,True,0.4,20.0,500.0,10.0,0.001,0.005,0.5,0.7,0.005000000000000001,-0.0013099999999999997,False,0.0019,25.0,35.0
25,True,0.4,20.0,500.0,10.0,0.0025,0.005,0.5,0.7,0.0125,-0.0011749999999999998,False,0.0019,25.0,35.0
25,True,0.4,20.0,500.0,10.0,0.005,0.005,0.5,0.7,0.025,-0.00095,False,0.0019,25.0,35.0
