trade_number,symbol,entry_utc,required_exit_fill_excluding_future_funding,target_has_positive_price_excluding_future_funding,target_required_favorable_exit_fill_move_excluding_future_funding,complete_hours_observed_before_exit,best_net_return_at_completed_hour_closes,reached_half_percent_at_completed_hour_close,first_signal_bar_after_entry_returned_inside_old_range,net_pnl_usd,exit_reason,window,strategy,target
1,PF_XBTUSD,2026-02-14T12:00:00+00:00,78901.03034850759,True,0.11927468469929758,29,0.0012142567111474369,False,False,-0.7169763195393833,stop_intrabar,development,H1_breakout_4h,0.05
2,PF_XBTUSD,2026-02-18T20:00:00+00:00,57856.168635605434,True,0.125141102104799,66,0.0010428830749184196,False,False,-0.7708483217305554,stop_intrabar,development,H1_breakout_4h,0.05
3,PF_XBTUSD,2026-02-21T16:00:00+00:00,74737.69176572413,True,0.0894389633789705,32,-0.0002828238457365102,False,False,-0.7123589634967215,stop_intrabar,development,H1_breakout_4h,0.05
4,PF_XBTUSD,2026-02-23T04:00:00+00:00,60052.54458818257,True,0.07461985379177793,5,0.0002551806068488932,False,True,-0.8032839867327929,stop_intrabar,development,H1_breakout_4h,0.05
5,PF_XBTUSD,2026-02-24T04:00:00+00:00,55667.63078319164,True,0.12417195117697233,21,0.003780016869315473,False,False,-0.6705438071146798,stop_intrabar,development,H1_breakout_4h,0.05
6,PF_ETHUSD,2026-02-25T16:00:00+00:00,2306.0976775974605,True,0.1448062339145455,49,0.014412803221136314,True,False,-0.7947832975923856,stop_intrabar,development,H1_breakout_4h,0.05
7,PF_XBTUSD,2026-02-28T08:00:00+00:00,56139.50203168525,True,0.11990496595464262,10,0.0017180679400377865,False,True,-0.7254854028176893,stop_intrabar,development,H1_breakout_4h,0.05
8,PF_XBTUSD,2026-03-02T16:00:00+00:00,80407.19907478135,True,0.16311349575127454,150,0.019997861506378393,True,False,-0.6537360302016635,stop_intrabar,development,H1_breakout_4h,0.05
9,PF_XBTUSD,2026-03-09T00:00:00+00:00,60367.84309460593,True,0.08464225785282897,3,-0.00029874082303085276,False,True,-0.6969400418111917,stop_intrabar,development,H1_breakout_4h,0.05
10,PF_ETHUSD,2026-03-10T12:00:00+00:00,2335.592720291164,True,0.13279305475369285,150,0.04604729587468994,True,False,2.172785970894692,target_intrabar,development,H1_breakout_4h,0.05
11,PF_ETHUSD,2026-03-16T20:00:00+00:00,2587.447417041063,True,0.10977800430669649,40,0.005307010964519903,True,False,-0.7782319470368112,stop_intrabar,development,H1_breakout_4h,0.05
12,PF_XBTUSD,2026-03-19T08:00:00+00:00,62639.656696181766,True,0.10745562622103177,192,0.016410839519879,True,False,0.4958474926519908,time_exit,development,H1_breakout_4h,0.05
13,PF_XBTUSD,2026-03-27T12:00:00+00:00,59026.5889812639,True,0.11433989555022883,114,0.006427297155565111,True,False,-0.6863745910690323,stop_intrabar,development,H1_breakout_4h,0.05
14,PF_XBTUSD,2026-04-01T08:00:00+00:00,76167.58825319388,True,0.10947369709832033,20,0.0011683842686503185,False,False,-0.7194249548681709,stop_intrabar,development,H1_breakout_4h,0.05
15,PF_XBTUSD,2026-04-06T00:00:00+00:00,72223.1647108937,True,0.04650019866829491,38,0.013662279342308441,True,False,-0.7591128123984795,stop_intrabar,development,H1_breakout_4h,0.05
16,PF_XBTUSD,2026-04-08T00:00:00+00:00,82809.5065000343,True,0.1511392815940935,192,0.01662867877091268,True,False,0.5753426771806298,time_exit,development,H1_breakout_4h,0.05
17,PF_XBTUSD,2026-04-17T16:00:00+00:00,85175.13401105849,True,0.09478199523217556,26,-0.00016165208205667187,False,False,-0.6717180066307337,stop_intrabar,development,H1_breakout_4h,0.05
18,PF_ETHUSD,2026-04-20T00:00:00+00:00,2045.125299062034,True,0.09615711359789891,18,-0.00026259072046593587,False,True,-0.7716377929625688,stop_intrabar,development,H1_breakout_4h,0.05
19,PF_XBTUSD,2026-04-22T04:00:00+00:00,84683.2032457436,True,0.09198198898444354,182,0.012151899622103028,True,False,-0.6926439287121278,stop_intrabar,development,H1_breakout_4h,0.05
20,PF_XBTUSD,2026-04-29T20:00:00+00:00,68516.33334399262,True,0.09279929369092854,31,-0.00013741194993407207,False,True,-0.6005327910370764,stop_intrabar,development,H1_breakout_4h,0.05
21,PF_XBTUSD,2026-05-01T16:00:00+00:00,85353.45141653746,True,0.0882061760252113,192,0.02939935514966673,True,False,0.6073160193497108,time_exit,development,H1_breakout_4h,0.05
22,PF_ETHUSD,2026-05-10T16:00:00+00:00,2466.1367271533677,True,0.050269037585012555,22,0.01003174490327625,True,False,-0.739638487789241,stop_intrabar,development,H1_breakout_4h,0.05
23,PF_ETHUSD,2026-05-12T08:00:00+00:00,2121.7293991481947,True,0.07521710362716538,135,0.036813285053864296,True,False,2.0449537596263574,target_intrabar,development,H1_breakout_4h,0.05
24,PF_ETHUSD,2026-05-22T20:00:00+00:00,1865.3907162956618,True,0.09556813755361848,24,0.008987464287948076,True,False,-0.7233972998653306,stop_intrabar,development,H1_breakout_4h,0.05
25,PF_XBTUSD,2026-05-28T00:00:00+00:00,67225.45891449331,True,0.0955932395031237,96,0.010061218313149925,True,False,0.20000730394250868,window_end,development,H1_breakout_4h,0.05
1,PF_XBTUSD,2026-02-14T12:00:00+00:00,87238.53243288312,True,0.2375488691484704,29,0.0012142567111474369,False,False,-0.7169763195393833,stop_intrabar,development,H1_breakout_4h,0.1
2,PF_XBTUSD,2026-02-18T20:00:00+00:00,49646.436221735596,True,0.24928270395972307,66,0.0010428830749184196,False,False,-0.7708483217305554,stop_intrabar,development,H1_breakout_4h,0.1
3,PF_XBTUSD,2026-02-21T16:00:00+00:00,80804.74721328917,True,0.17787742650781557,32,-0.0002828238457365102,False,False,-0.7123589634967215,stop_intrabar,development,H1_breakout_4h,0.1
4,PF_XBTUSD,2026-02-23T04:00:00+00:00,55274.95174508079,True,0.1482402073336807,5,0.0002551806068488932,False,True,-0.8032839867327929,stop_intrabar,development,H1_breakout_4h,0.1
5,PF_XBTUSD,2026-02-24T04:00:00+00:00,47838.789802265346,True,0.2473444021040695,21,0.003780016869315473,False,False,-0.6705438071146798,stop_intrabar,development,H1_breakout_4h,0.1
6,PF_ETHUSD,2026-02-25T16:00:00+00:00,2595.7799474910685,True,0.28861196757896557,49,0.014412803221136314,True,False,-0.7947832975923856,stop_intrabar,development,H1_breakout_4h,0.1
7,PF_XBTUSD,2026-02-28T08:00:00+00:00,48554.76018530952,True,0.23881043165941063,10,0.0017180679400377865,False,True,-0.7254854028176893,stop_intrabar,development,H1_breakout_4h,0.1
8,PF_XBTUSD,2026-03-02T16:00:00+00:00,91614.23256677129,True,0.3252264912524234,150,0.019997861506378393,True,False,-0.6537360302016635,stop_intrabar,development,H1_breakout_4h,0.1
9,PF_XBTUSD,2026-03-09T00:00:00+00:00,54851.60323069113,True,0.16828501545578267,3,-0.00029874082303085276,False,True,-0.6969400418111917,stop_intrabar,development,H1_breakout_4h,0.1
10,PF_ETHUSD,2026-03-10T12:00:00+00:00,2607.3226091666197,True,0.2645856092572605,192,0.05451559524213839,True,False,1.636340162950672,time_exit,development,H1_breakout_4h,0.1
11,PF_XBTUSD,2026-03-19T08:00:00+00:00,55087.90421725349,True,0.21505957143310173,192,0.016322842364424762,True,False,0.4958474926519908,time_exit,development,H1_breakout_4h,0.1
12,PF_XBTUSD,2026-03-27T12:00:00+00:00,51392.23655353469,True,0.2288889739442932,114,0.006393207975032787,True,False,-0.6863745910690323,stop_intrabar,development,H1_breakout_4h,0.1
13,PF_XBTUSD,2026-04-01T08:00:00+00:00,83695.12586076256,True,0.2191214510977475,20,0.0011620926488274763,False,False,-0.7194249548681709,stop_intrabar,development,H1_breakout_4h,0.1
14,PF_XBTUSD,2026-04-06T00:00:00+00:00,75397.83905361658,True,0.09250063832869548,38,0.013587511512737578,True,False,-0.7591128123984795,stop_intrabar,development,H1_breakout_4h,0.1
15,PF_XBTUSD,2026-04-08T00:00:00+00:00,93730.99355989491,True,0.3029594445124888,192,0.016536086202870757,True,False,0.5753426771806298,time_exit,development,H1_breakout_4h,0.1
16,PF_XBTUSD,2026-04-17T16:00:00+00:00,92552.06379970336,True,0.18959992544701687,26,-0.00016076373410374122,False,False,-0.6717180066307337,stop_intrabar,development,H1_breakout_4h,0.1
17,PF_ETHUSD,2026-04-20T00:00:00+00:00,1827.3955142750642,True,0.1923827664847022,18,-0.00026112529834470383,False,True,-0.7716377929625688,stop_intrabar,development,H1_breakout_4h,0.1
18,PF_XBTUSD,2026-04-22T04:00:00+00:00,91819.45339463638,True,0.18400326750014684,182,0.012082854649497717,True,False,-0.6926439287121278,stop_intrabar,development,H1_breakout_4h,0.1
19,PF_XBTUSD,2026-04-29T20:00:00+00:00,61502.598842210544,True,0.18566568894789082,31,-0.0001366182809015295,False,True,-0.6005327910370764,stop_intrabar,development,H1_breakout_4h,0.1
20,PF_XBTUSD,2026-05-01T16:00:00+00:00,92274.06429350274,True,0.17643990939635046,192,0.029227077834508494,True,False,0.6073160193497108,time_exit,development,H1_breakout_4h,0.1
21,PF_ETHUSD,2026-05-10T16:00:00+00:00,2583.168107961857,True,0.10010992204840385,22,0.009973812566621536,True,False,-0.739638487789241,stop_intrabar,development,H1_breakout_4h,0.1
22,PF_ETHUSD,2026-05-12T08:00:00+00:00,1949.4380741660138,True,0.15031248129450647,192,0.06241511819894343,True,False,2.000610496496692,time_exit,development,H1_breakout_4h,0.1
23,PF_ETHUSD,2026-05-22T20:00:00+00:00,1668.54886363977,True,0.19100661156859644,24,0.008946320425887834,True,False,-0.7233972998653306,stop_intrabar,development,H1_breakout_4h,0.1
24,PF_XBTUSD,2026-05-28T00:00:00+00:00,60128.430280773006,True,0.1910719581228154,96,0.010014373174679793,True,False,0.20000730394250868,window_end,development,H1_breakout_4h,0.1
1,PF_ETHUSD,2026-02-14T00:00:00+00:00,795.0792103948027,True,0.6114931784046896,480,0.009133495669278123,True,,-0.060705301793427806,time_exit,development,H2_momentum_1d,0.05
2,PF_XBTUSD,2026-03-07T00:00:00+00:00,43050.78925626859,True,0.36760695022814815,238,0.00406960984013634,False,,-0.7251873748774746,stop_intrabar,development,H2_momentum_1d,0.05
3,PF_XBTUSD,2026-03-17T00:00:00+00:00,99593.29981157032,True,0.3297013286101327,63,0.001288745025015742,False,,-0.6048642142314518,stop_intrabar,development,H2_momentum_1d,0.05
4,PF_XBTUSD,2026-03-20T00:00:00+00:00,94328.75693301533,True,0.348671140845491,480,0.0041872942825106774,False,,0.10415326336713711,time_exit,development,H2_momentum_1d,0.05
5,PF_XBTUSD,2026-04-10T00:00:00+00:00,96249.72755000742,True,0.3403574419642026,480,0.015569796574483319,True,,0.4020847545273401,time_exit,development,H2_momentum_1d,0.05
6,PF_XBTUSD,2026-05-01T00:00:00+00:00,100963.38075387303,True,0.3229474527808094,480,0.012500575928471171,True,,0.10969624530252885,time_exit,development,H2_momentum_1d,0.05
7,PF_XBTUSD,2026-05-22T00:00:00+00:00,65154.362475688475,True,0.15964553377072077,240,0.01885761938101286,True,,0.7784947219741138,window_end,development,H2_momentum_1d,0.05
1,PF_ETHUSD,2026-02-14T00:00:00+00:00,-454.29610194902534,False,1.2219868565595042,480,0.009133495669278123,True,,-0.060705301793427806,time_exit,development,H2_momentum_1d,0.1
2,PF_XBTUSD,2026-03-07T00:00:00+00:00,18093.620491547666,True,0.7342144002064213,238,0.00406960984013634,False,,-0.7251873748774746,stop_intrabar,development,H2_momentum_1d,0.1
3,PF_XBTUSD,2026-03-17T00:00:00+00:00,124212.66315490654,True,0.6584021569701402,63,0.001288745025015742,False,,-0.6048642142314518,stop_intrabar,development,H2_momentum_1d,0.1
4,PF_XBTUSD,2026-03-20T00:00:00+00:00,118645.53687753642,True,0.696341781440857,480,0.0041872942825106774,False,,0.10415326336713711,time_exit,development,H2_momentum_1d,0.1
5,PF_XBTUSD,2026-04-10T00:00:00+00:00,120618.61017755358,True,0.6797143836782795,480,0.015569796574483319,True,,0.4020847545273401,time_exit,development,H2_momentum_1d,0.1
6,PF_XBTUSD,2026-05-01T00:00:00+00:00,125533.40633015728,True,0.6448944053114938,480,0.012500575928471171,True,,0.10969624530252885,time_exit,development,H2_momentum_1d,0.1
7,PF_XBTUSD,2026-05-22T00:00:00+00:00,52854.21820475026,True,0.3182915672915666,240,0.01885761938101286,True,,0.7784947219741138,window_end,development,H2_momentum_1d,0.1
1,PF_XBTUSD,2026-06-01T12:00:00+00:00,68747.003426858,True,0.05031146407799525,25,0.0475881626388321,True,False,2.5004814891377505,target_intrabar,chronological_validation,H1_breakout_4h,0.05
2,PF_XBTUSD,2026-06-02T16:00:00+00:00,60553.57302734411,True,0.09863690045632467,69,0.0394517855757519,True,False,2.6250520606827075,target_intrabar,chronological_validation,H1_breakout_4h,0.05
3,PF_XBTUSD,2026-06-05T16:00:00+00:00,46555.144040524625,True,0.2290918357257058,54,0.0035426412272410177,False,False,-0.7527024733565347,stop_intrabar,chronological_validation,H1_breakout_4h,0.05
4,PF_XBTUSD,2026-06-14T00:00:00+00:00,69038.80916095246,True,0.07134912805438232,111,0.029964976946247734,True,False,-0.934084418822804,stop_intrabar,chronological_validation,H1_breakout_4h,0.05
5,PF_XBTUSD,2026-06-23T08:00:00+00:00,57393.03031907636,True,0.08605458351392015,185,0.0424133519595606,True,False,2.6724288783613512,target_intrabar,chronological_validation,H1_breakout_4h,0.05
6,PF_ETHUSD,2026-07-02T16:00:00+00:00,1913.1165218609399,True,0.12834946733172514,192,0.02642668580442736,True,False,1.1618563741660168,time_exit,chronological_validation,H1_breakout_4h,0.05
7,PF_ETHUSD,2026-07-11T16:00:00+00:00,1945.5455043662023,True,0.07281251963948288,35,0.0036930589324945624,False,False,-1.000233187590491,stop_intrabar,chronological_validation,H1_breakout_4h,0.05
8,PF_XBTUSD,2026-07-14T16:00:00+00:00,69474.49614161898,True,0.07349572208070354,61,0.005906089298159111,True,False,-0.9457246119731825,stop_intrabar,chronological_validation,H1_breakout_4h,0.05
9,PF_ETHUSD,2026-07-20T12:00:00+00:00,2013.9290625978315,True,0.06461334386944628,2,-0.0003931989961462679,False,False,-0.9759854811201126,stop_intrabar,chronological_validation,H1_breakout_4h,0.05
10,PF_XBTUSD,2026-07-20T16:00:00+00:00,69505.75149213783,True,0.06025003801540407,93,0.014874614702507774,True,False,-0.9294523763868314,stop_intrabar,chronological_validation,H1_breakout_4h,0.05
11,PF_XBTUSD,2026-07-24T16:00:00+00:00,60145.08479666611,True,0.06057065747206303,54,0.0019165191449693304,False,False,-0.9296875880192383,stop_intrabar,chronological_validation,H1_breakout_4h,0.05
12,PF_ETHUSD,2026-07-27T00:00:00+00:00,2065.1677102407007,True,0.05700056824685262,14,0.004834064086174894,False,False,-0.921903901390587,stop_intrabar,chronological_validation,H1_breakout_4h,0.05
13,PF_XBTUSD,2026-07-28T04:00:00+00:00,58905.41156391071,True,0.06889523956893795,29,0.0017566467026991724,False,False,-0.815574264604967,stop_intrabar,chronological_validation,H1_breakout_4h,0.05
1,PF_XBTUSD,2026-06-01T12:00:00+00:00,65177.35967730421,True,0.09962342790611545,39,0.0839148730142451,True,False,5.000088490505733,target_intrabar,chronological_validation,H1_breakout_4h,0.1
2,PF_ETHUSD,2026-06-03T20:00:00+00:00,1187.9936088566187,True,0.34022347614316406,192,0.04540031571295833,True,True,1.061444581063756,time_exit,chronological_validation,H1_breakout_4h,0.1
3,PF_XBTUSD,2026-06-14T00:00:00+00:00,73853.73621336826,True,0.14606750691901516,111,0.029062363093575863,True,False,-0.934084418822804,stop_intrabar,chronological_validation,H1_breakout_4h,0.1
4,PF_XBTUSD,2026-06-23T08:00:00+00:00,51714.25464212961,True,0.17648526773365592,192,0.04111411693556396,True,False,2.025238510885726,time_exit,chronological_validation,H1_breakout_4h,0.1
5,PF_ETHUSD,2026-07-02T16:00:00+00:00,2137.0523312705,True,0.2604260284697728,192,0.02594510388919332,True,False,1.1618563741660168,time_exit,chronological_validation,H1_breakout_4h,0.1
6,PF_ETHUSD,2026-07-11T16:00:00+00:00,2068.982735010107,True,0.14087826578996787,35,0.0037919682037071078,False,False,-1.0456983324809679,stop_intrabar,chronological_validation,H1_breakout_4h,0.1
7,PF_XBTUSD,2026-07-14T16:00:00+00:00,74332.33270056987,True,0.1485573210014195,61,0.0058033678367591796,True,False,-0.9457246119731825,stop_intrabar,chronological_validation,H1_breakout_4h,0.1
8,PF_ETHUSD,2026-07-20T12:00:00+00:00,2138.5982821556186,True,0.13051661582471774,2,-0.0003862454667075162,False,False,-0.9759854811201126,stop_intrabar,chronological_validation,H1_breakout_4h,0.1
9,PF_XBTUSD,2026-07-20T16:00:00+00:00,73532.27772632377,True,0.12167120822386601,93,0.014606925911995012,True,False,-0.9294523763868314,stop_intrabar,chronological_validation,H1_breakout_4h,0.1
10,PF_XBTUSD,2026-07-24T16:00:00+00:00,56188.93935377492,True,0.12236322331388849,54,0.0018814396991444092,False,False,-0.9296875880192383,stop_intrabar,chronological_validation,H1_breakout_4h,0.1
11,PF_ETHUSD,2026-07-27T00:00:00+00:00,2169.8137874850145,True,0.11056084936278765,14,0.004941713306297692,False,False,-0.9603165639485282,stop_intrabar,chronological_validation,H1_breakout_4h,0.1
12,PF_XBTUSD,2026-07-28T04:00:00+00:00,54450.52963786948,True,0.13931256895122857,29,0.001724621219411744,False,False,-0.815574264604967,stop_intrabar,chronological_validation,H1_breakout_4h,0.1
1,PF_XBTUSD,2026-06-01T00:00:00+00:00,61009.70664667666,True,0.17080464483905755,74,0.04555635313629189,True,,2.5000694646872463,target_intrabar,chronological_validation,H2_momentum_1d,0.05
2,PF_XBTUSD,2026-06-05T00:00:00+00:00,37500.31461035121,True,0.4122299868285574,480,0.008419529632552202,True,,0.275830378981431,time_exit,chronological_validation,H2_momentum_1d,0.05
3,PF_XBTUSD,2026-06-26T00:00:00+00:00,33263.56929351893,True,0.44280261828672773,261,0.002579460949271677,False,,-0.48558504487080845,stop_intrabar,chronological_validation,H2_momentum_1d,0.05
4,PF_XBTUSD,2026-07-07T00:00:00+00:00,37785.95862129045,True,0.40942829825121996,480,0.004355155369343877,False,,-0.12723720877790834,time_exit,chronological_validation,H2_momentum_1d,0.05
5,PF_XBTUSD,2026-07-28T00:00:00+00:00,76826.03991746373,True,0.20577634650339371,96,0.004282610061620151,False,,-0.2037459132468344,window_end,chronological_validation,H2_momentum_1d,0.05
1,PF_XBTUSD,2026-06-01T00:00:00+00:00,48515.95352323838,True,0.34060978942824005,480,0.05648401076319191,True,,1.8496780470793557,time_exit,chronological_validation,H2_momentum_1d,0.1
2,PF_XBTUSD,2026-06-22T00:00:00+00:00,37242.93051120471,True,0.4108809119047627,480,0.019125370900256143,True,,-0.10207574387256368,time_exit,chronological_validation,H2_momentum_1d,0.1
3,PF_XBTUSD,2026-07-13T00:00:00+00:00,37805.43113283017,True,0.4067875234139311,456,0.0070291751358762125,True,,0.20184764990644263,window_end,chronological_validation,H2_momentum_1d,0.1
