cost_scenario,exposure_over_equity,side,equity_usd,entry_notional_usd,risk_fraction_equity,target_fraction_equity,planned_loss_usd,target_profit_usd,flat_price_cost_usd,target_favorable_move_fraction,stop_adverse_move_fraction,target_exit_to_entry_price_ratio,stop_exit_to_entry_price_ratio,adverse_stop_algebraically_feasible
fees_only,1,long,50.0,50.0,0.02,0.05,1.0,2.5,0.05,0.05102551275637812,0.019009504752376283,1.0510255127563781,0.9809904952476237,True
fees_only,1,long,50.0,50.0,0.02,0.1,1.0,5.0,0.05,0.10105052526263125,0.019009504752376283,1.1010505252626313,0.9809904952476237,True
fees_only,1,long,50.0,50.0,0.04,0.05,2.0,2.5,0.05,0.05102551275637812,0.03901950975487756,1.0510255127563781,0.9609804902451224,True
fees_only,1,long,50.0,50.0,0.04,0.1,2.0,5.0,0.05,0.10105052526263125,0.03901950975487756,1.1010505252626313,0.9609804902451224,True
fees_only,1,long,50.0,50.0,0.05,0.05,2.5,2.5,0.05,0.05102551275637812,0.04902451225612825,1.0510255127563781,0.9509754877438718,True
fees_only,1,long,50.0,50.0,0.05,0.1,2.5,5.0,0.05,0.10105052526263125,0.04902451225612825,1.1010505252626313,0.9509754877438718,True
fees_only,1,short,50.0,50.0,0.02,0.05,1.0,2.5,0.05,0.050974512743628075,0.018990504747626424,0.9490254872563719,1.0189905047476264,True
fees_only,1,short,50.0,50.0,0.02,0.1,1.0,5.0,0.05,0.10094952523738121,0.018990504747626424,0.8990504747626188,1.0189905047476264,True
fees_only,1,short,50.0,50.0,0.04,0.05,2.0,2.5,0.05,0.050974512743628075,0.03898050974512768,0.9490254872563719,1.0389805097451277,True
fees_only,1,short,50.0,50.0,0.04,0.1,2.0,5.0,0.05,0.10094952523738121,0.03898050974512768,0.8990504747626188,1.0389805097451277,True
fees_only,1,short,50.0,50.0,0.05,0.05,2.5,2.5,0.05,0.050974512743628075,0.048975512243878194,0.9490254872563719,1.0489755122438782,True
fees_only,1,short,50.0,50.0,0.05,0.1,2.5,5.0,0.05,0.10094952523738121,0.048975512243878194,0.8990504747626188,1.0489755122438782,True
fees_only,2,long,50.0,100.0,0.02,0.05,1.0,2.5,0.1,0.026013006503251335,0.009004502251125701,1.0260130065032513,0.9909954977488743,True
fees_only,2,long,50.0,100.0,0.02,0.1,1.0,5.0,0.1,0.05102551275637812,0.009004502251125701,1.0510255127563781,0.9909954977488743,True
fees_only,2,long,50.0,100.0,0.04,0.05,2.0,2.5,0.1,0.026013006503251335,0.019009504752376283,1.0260130065032513,0.9809904952476237,True
fees_only,2,long,50.0,100.0,0.04,0.1,2.0,5.0,0.1,0.05102551275637812,0.019009504752376283,1.0510255127563781,0.9809904952476237,True
fees_only,2,long,50.0,100.0,0.05,0.05,2.5,2.5,0.1,0.026013006503251335,0.024012006003001685,1.0260130065032513,0.9759879939969983,True
fees_only,2,long,50.0,100.0,0.05,0.1,2.5,5.0,0.1,0.05102551275637812,0.024012006003001685,1.0510255127563781,0.9759879939969983,True
fees_only,2,short,50.0,100.0,0.02,0.05,1.0,2.5,0.1,0.025987006496751563,0.008995502248875686,0.9740129935032484,1.0089955022488757,True
fees_only,2,short,50.0,100.0,0.02,0.1,1.0,5.0,0.1,0.050974512743628075,0.008995502248875686,0.9490254872563719,1.0089955022488757,True
fees_only,2,short,50.0,100.0,0.04,0.05,2.0,2.5,0.1,0.025987006496751563,0.018990504747626424,0.9740129935032484,1.0189905047476264,True
fees_only,2,short,50.0,100.0,0.04,0.1,2.0,5.0,0.1,0.050974512743628075,0.018990504747626424,0.9490254872563719,1.0189905047476264,True
fees_only,2,short,50.0,100.0,0.05,0.05,2.5,2.5,0.1,0.025987006496751563,0.02398800599700146,0.9740129935032484,1.0239880059970015,True
fees_only,2,short,50.0,100.0,0.05,0.1,2.5,5.0,0.1,0.050974512743628075,0.02398800599700146,0.9490254872563719,1.0239880059970015,True
fees_only,3,long,50.0,150.0,0.02,0.05,1.0,2.5,0.15,0.017675504418875887,0.005669501417375544,1.0176755044188759,0.9943304985826245,True
fees_only,3,long,50.0,150.0,0.02,0.1,1.0,5.0,0.15,0.034350508587627226,0.005669501417375544,1.0343505085876272,0.9943304985826245,True
fees_only,3,long,50.0,150.0,0.04,0.05,2.0,2.5,0.15,0.017675504418875887,0.012339503084875858,1.0176755044188759,0.9876604969151241,True
fees_only,3,long,50.0,150.0,0.04,0.1,2.0,5.0,0.15,0.034350508587627226,0.012339503084875858,1.0343505085876272,0.9876604969151241,True
fees_only,3,long,50.0,150.0,0.05,0.05,2.5,2.5,0.15,0.017675504418875887,0.015674503918626126,1.0176755044188759,0.9843254960813739,True
fees_only,3,long,50.0,150.0,0.05,0.1,2.5,5.0,0.15,0.034350508587627226,0.015674503918626126,1.0343505085876272,0.9843254960813739,True
fees_only,3,short,50.0,150.0,0.02,0.05,1.0,2.5,0.15,0.017657837747792726,0.005663834749292107,0.9823421622522073,1.005663834749292,True
fees_only,3,short,50.0,150.0,0.02,0.1,1.0,5.0,0.15,0.0343161752457104,0.005663834749292107,0.9656838247542896,1.005663834749292,True
fees_only,3,short,50.0,150.0,0.04,0.05,2.0,2.5,0.15,0.017657837747792726,0.012327169748459266,0.9823421622522073,1.0123271697484593,True
fees_only,3,short,50.0,150.0,0.04,0.1,2.0,5.0,0.15,0.0343161752457104,0.012327169748459266,0.9656838247542896,1.0123271697484593,True
fees_only,3,short,50.0,150.0,0.05,0.05,2.5,2.5,0.15,0.017657837747792726,0.015658837248042623,0.9823421622522073,1.0156588372480426,True
fees_only,3,short,50.0,150.0,0.05,0.1,2.5,5.0,0.15,0.0343161752457104,0.015658837248042623,0.9656838247542896,1.0156588372480426,True
fees_only,5,long,50.0,250.0,0.02,0.05,1.0,2.5,0.25,0.011005502751375573,0.0030015007503753077,1.0110055027513756,0.9969984992496247,True
fees_only,5,long,50.0,250.0,0.02,0.1,1.0,5.0,0.25,0.021010505252626155,0.0030015007503753077,1.0210105052526262,0.9969984992496247,True
fees_only,5,long,50.0,250.0,0.04,0.05,2.0,2.5,0.25,0.011005502751375573,0.007003501750875607,1.0110055027513756,0.9929964982491244,True
fees_only,5,long,50.0,250.0,0.04,0.1,2.0,5.0,0.25,0.021010505252626155,0.007003501750875607,1.0210105052526262,0.9929964982491244,True
fees_only,5,long,50.0,250.0,0.05,0.05,2.5,2.5,0.25,0.011005502751375573,0.009004502251125701,1.0110055027513756,0.9909954977488743,True
fees_only,5,long,50.0,250.0,0.05,0.1,2.5,5.0,0.25,0.021010505252626155,0.009004502251125701,1.0210105052526262,0.9909954977488743,True
fees_only,5,short,50.0,250.0,0.02,0.05,1.0,2.5,0.25,0.010994502748625568,0.002998500749625377,0.9890054972513744,1.0029985007496254,True
fees_only,5,short,50.0,250.0,0.02,0.1,1.0,5.0,0.25,0.020989505247376194,0.002998500749625377,0.9790104947526238,1.0029985007496254,True
fees_only,5,short,50.0,250.0,0.04,0.05,2.0,2.5,0.25,0.010994502748625568,0.006996501749125583,0.9890054972513744,1.0069965017491256,True
fees_only,5,short,50.0,250.0,0.04,0.1,2.0,5.0,0.25,0.020989505247376194,0.006996501749125583,0.9790104947526238,1.0069965017491256,True
fees_only,5,short,50.0,250.0,0.05,0.05,2.5,2.5,0.25,0.010994502748625568,0.008995502248875686,0.9890054972513744,1.0089955022488757,True
fees_only,5,short,50.0,250.0,0.05,0.1,2.5,5.0,0.25,0.020989505247376194,0.008995502248875686,0.9790104947526238,1.0089955022488757,True
fees_only,10,long,50.0,500.0,0.02,0.05,1.0,2.5,0.5,0.006003001500750171,0.0010005002501252136,1.0060030015007502,0.9989994997498748,True
fees_only,10,long,50.0,500.0,0.02,0.1,1.0,5.0,0.5,0.011005502751375573,0.0010005002501252136,1.0110055027513756,0.9989994997498748,True
fees_only,10,long,50.0,500.0,0.04,0.05,2.0,2.5,0.5,0.006003001500750171,0.0030015007503753077,1.0060030015007502,0.9969984992496247,True
fees_only,10,long,50.0,500.0,0.04,0.1,2.0,5.0,0.5,0.011005502751375573,0.0030015007503753077,1.0110055027513756,0.9969984992496247,True
fees_only,10,long,50.0,500.0,0.05,0.05,2.5,2.5,0.5,0.006003001500750171,0.00400200100050041,1.0060030015007502,0.9959979989994996,True
fees_only,10,long,50.0,500.0,0.05,0.1,2.5,5.0,0.5,0.011005502751375573,0.00400200100050041,1.0110055027513756,0.9959979989994996,True
fees_only,10,short,50.0,500.0,0.02,0.05,1.0,2.5,0.5,0.0059970014992503096,0.0009995002498752736,0.9940029985007497,1.0009995002498753,True
fees_only,10,short,50.0,500.0,0.02,0.1,1.0,5.0,0.5,0.010994502748625568,0.0009995002498752736,0.9890054972513744,1.0009995002498753,True
fees_only,10,short,50.0,500.0,0.04,0.05,2.0,2.5,0.5,0.0059970014992503096,0.002998500749625377,0.9940029985007497,1.0029985007496254,True
fees_only,10,short,50.0,500.0,0.04,0.1,2.0,5.0,0.5,0.010994502748625568,0.002998500749625377,0.9890054972513744,1.0029985007496254,True
fees_only,10,short,50.0,500.0,0.05,0.05,2.5,2.5,0.5,0.0059970014992503096,0.003998000999500206,0.9940029985007497,1.0039980009995002,True
fees_only,10,short,50.0,500.0,0.05,0.1,2.5,5.0,0.5,0.010994502748625568,0.003998000999500206,0.9890054972513744,1.0039980009995002,True
illustrative_extra_4bps,1,long,50.0,50.0,0.02,0.05,1.0,2.5,0.06999999999999999,0.05142571285642816,0.018609304652326353,1.0514257128564282,0.9813906953476736,True
illustrative_extra_4bps,1,long,50.0,50.0,0.02,0.1,1.0,5.0,0.06999999999999999,0.1014507253626813,0.018609304652326353,1.1014507253626813,0.9813906953476736,True
illustrative_extra_4bps,1,long,50.0,50.0,0.04,0.05,2.0,2.5,0.06999999999999999,0.05142571285642816,0.03861930965482763,1.0514257128564282,0.9613806903451724,True
illustrative_extra_4bps,1,long,50.0,50.0,0.04,0.1,2.0,5.0,0.06999999999999999,0.1014507253626813,0.03861930965482763,1.1014507253626813,0.9613806903451724,True
illustrative_extra_4bps,1,long,50.0,50.0,0.05,0.05,2.5,2.5,0.06999999999999999,0.05142571285642816,0.04862431215607821,1.0514257128564282,0.9513756878439218,True
illustrative_extra_4bps,1,long,50.0,50.0,0.05,0.1,2.5,5.0,0.06999999999999999,0.1014507253626813,0.04862431215607821,1.1014507253626813,0.9513756878439218,True
illustrative_extra_4bps,1,short,50.0,50.0,0.02,0.05,1.0,2.5,0.06999999999999999,0.051374312843578074,0.018590704647676315,0.9486256871564219,1.0185907046476763,True
illustrative_extra_4bps,1,short,50.0,50.0,0.02,0.1,1.0,5.0,0.06999999999999999,0.10134932533733121,0.018590704647676315,0.8986506746626688,1.0185907046476763,True
illustrative_extra_4bps,1,short,50.0,50.0,0.04,0.05,2.0,2.5,0.06999999999999999,0.051374312843578074,0.03858070964517757,0.9486256871564219,1.0385807096451776,True
illustrative_extra_4bps,1,short,50.0,50.0,0.04,0.1,2.0,5.0,0.06999999999999999,0.10134932533733121,0.03858070964517757,0.8986506746626688,1.0385807096451776,True
illustrative_extra_4bps,1,short,50.0,50.0,0.05,0.05,2.5,2.5,0.06999999999999999,0.051374312843578074,0.04857571214392831,0.9486256871564219,1.0485757121439283,True
illustrative_extra_4bps,1,short,50.0,50.0,0.05,0.1,2.5,5.0,0.06999999999999999,0.10134932533733121,0.04857571214392831,0.8986506746626688,1.0485757121439283,True
illustrative_extra_4bps,2,long,50.0,100.0,0.02,0.05,1.0,2.5,0.13999999999999999,0.026413206603301376,0.00860430215107566,1.0264132066033014,0.9913956978489243,True
illustrative_extra_4bps,2,long,50.0,100.0,0.02,0.1,1.0,5.0,0.13999999999999999,0.05142571285642816,0.00860430215107566,1.0514257128564282,0.9913956978489243,True
illustrative_extra_4bps,2,long,50.0,100.0,0.04,0.05,2.0,2.5,0.13999999999999999,0.026413206603301376,0.018609304652326353,1.0264132066033014,0.9813906953476736,True
illustrative_extra_4bps,2,long,50.0,100.0,0.04,0.1,2.0,5.0,0.13999999999999999,0.05142571285642816,0.018609304652326353,1.0514257128564282,0.9813906953476736,True
illustrative_extra_4bps,2,long,50.0,100.0,0.05,0.05,2.5,2.5,0.13999999999999999,0.026413206603301376,0.023611805902951644,1.0264132066033014,0.9763881940970484,True
illustrative_extra_4bps,2,long,50.0,100.0,0.05,0.1,2.5,5.0,0.13999999999999999,0.05142571285642816,0.023611805902951644,1.0514257128564282,0.9763881940970484,True
illustrative_extra_4bps,2,short,50.0,100.0,0.02,0.05,1.0,2.5,0.13999999999999999,0.026386806596701562,0.008595702148925799,0.9736131934032984,1.0085957021489258,True
illustrative_extra_4bps,2,short,50.0,100.0,0.02,0.1,1.0,5.0,0.13999999999999999,0.051374312843578074,0.008595702148925799,0.9486256871564219,1.0085957021489258,True
illustrative_extra_4bps,2,short,50.0,100.0,0.04,0.05,2.0,2.5,0.13999999999999999,0.026386806596701562,0.018590704647676315,0.9736131934032984,1.0185907046476763,True
illustrative_extra_4bps,2,short,50.0,100.0,0.04,0.1,2.0,5.0,0.13999999999999999,0.051374312843578074,0.018590704647676315,0.9486256871564219,1.0185907046476763,True
illustrative_extra_4bps,2,short,50.0,100.0,0.05,0.05,2.5,2.5,0.13999999999999999,0.026386806596701562,0.023588205897051573,0.9736131934032984,1.0235882058970516,True
illustrative_extra_4bps,2,short,50.0,100.0,0.05,0.1,2.5,5.0,0.13999999999999999,0.051374312843578074,0.023588205897051573,0.9486256871564219,1.0235882058970516,True
illustrative_extra_4bps,3,long,50.0,150.0,0.02,0.05,1.0,2.5,0.21,0.018075704518925928,0.005269301317325503,1.018075704518926,0.9947306986826745,True
illustrative_extra_4bps,3,long,50.0,150.0,0.02,0.1,1.0,5.0,0.21,0.034750708687677045,0.005269301317325503,1.034750708687677,0.9947306986826745,True
illustrative_extra_4bps,3,long,50.0,150.0,0.04,0.05,2.0,2.5,0.21,0.018075704518925928,0.011939302984825928,1.018075704518926,0.9880606970151741,True
illustrative_extra_4bps,3,long,50.0,150.0,0.04,0.1,2.0,5.0,0.21,0.034750708687677045,0.011939302984825928,1.034750708687677,0.9880606970151741,True
illustrative_extra_4bps,3,long,50.0,150.0,0.05,0.05,2.5,2.5,0.21,0.018075704518925928,0.015274303818576196,1.018075704518926,0.9847256961814238,True
illustrative_extra_4bps,3,long,50.0,150.0,0.05,0.1,2.5,5.0,0.21,0.034750708687677045,0.015274303818576196,1.034750708687677,0.9847256961814238,True
illustrative_extra_4bps,3,short,50.0,150.0,0.02,0.05,1.0,2.5,0.21,0.018057637847742725,0.005264034649341998,0.9819423621522573,1.005264034649342,True
illustrative_extra_4bps,3,short,50.0,150.0,0.02,0.1,1.0,5.0,0.21,0.03471597534566029,0.005264034649341998,0.9652840246543397,1.005264034649342,True
illustrative_extra_4bps,3,short,50.0,150.0,0.04,0.05,2.0,2.5,0.21,0.018057637847742725,0.011927369648509378,0.9819423621522573,1.0119273696485094,True
illustrative_extra_4bps,3,short,50.0,150.0,0.04,0.1,2.0,5.0,0.21,0.03471597534566029,0.011927369648509378,0.9652840246543397,1.0119273696485094,True
illustrative_extra_4bps,3,short,50.0,150.0,0.05,0.05,2.5,2.5,0.21,0.018057637847742725,0.015259037148092736,0.9819423621522573,1.0152590371480927,True
illustrative_extra_4bps,3,short,50.0,150.0,0.05,0.1,2.5,5.0,0.21,0.03471597534566029,0.015259037148092736,0.9652840246543397,1.0152590371480927,True
illustrative_extra_4bps,5,long,50.0,250.0,0.02,0.05,1.0,2.5,0.35,0.011405702851425614,0.0026013006503252667,1.0114057028514256,0.9973986993496747,True
illustrative_extra_4bps,5,long,50.0,250.0,0.02,0.1,1.0,5.0,0.35,0.021410705352676196,0.0026013006503252667,1.0214107053526762,0.9973986993496747,True
illustrative_extra_4bps,5,long,50.0,250.0,0.04,0.05,2.0,2.5,0.35,0.011405702851425614,0.006603301650825566,1.0114057028514256,0.9933966983491744,True
illustrative_extra_4bps,5,long,50.0,250.0,0.04,0.1,2.0,5.0,0.35,0.021410705352676196,0.006603301650825566,1.0214107053526762,0.9933966983491744,True
illustrative_extra_4bps,5,long,50.0,250.0,0.05,0.05,2.5,2.5,0.35,0.011405702851425614,0.00860430215107566,1.0114057028514256,0.9913956978489243,True
illustrative_extra_4bps,5,long,50.0,250.0,0.05,0.1,2.5,5.0,0.35,0.021410705352676196,0.00860430215107566,1.0214107053526762,0.9913956978489243,True
illustrative_extra_4bps,5,short,50.0,250.0,0.02,0.05,1.0,2.5,0.35,0.011394302848575566,0.0025987006496752674,0.9886056971514244,1.0025987006496753,True
illustrative_extra_4bps,5,short,50.0,250.0,0.02,0.1,1.0,5.0,0.35,0.021389305347326193,0.0025987006496752674,0.9786106946526738,1.0025987006496753,True
illustrative_extra_4bps,5,short,50.0,250.0,0.04,0.05,2.0,2.5,0.35,0.011394302848575566,0.006596701649175474,0.9886056971514244,1.0065967016491755,True
illustrative_extra_4bps,5,short,50.0,250.0,0.04,0.1,2.0,5.0,0.35,0.021389305347326193,0.006596701649175474,0.9786106946526738,1.0065967016491755,True
illustrative_extra_4bps,5,short,50.0,250.0,0.05,0.05,2.5,2.5,0.35,0.011394302848575566,0.008595702148925799,0.9886056971514244,1.0085957021489258,True
illustrative_extra_4bps,5,short,50.0,250.0,0.05,0.1,2.5,5.0,0.35,0.021389305347326193,0.008595702148925799,0.9786106946526738,1.0085957021489258,True
illustrative_extra_4bps,10,long,50.0,500.0,0.02,0.05,1.0,2.5,0.7,0.006403201600800212,0.0006003001500751726,1.0064032016008002,0.9993996998499248,True
illustrative_extra_4bps,10,long,50.0,500.0,0.02,0.1,1.0,5.0,0.7,0.011405702851425614,0.0006003001500751726,1.0114057028514256,0.9993996998499248,True
illustrative_extra_4bps,10,long,50.0,500.0,0.04,0.05,2.0,2.5,0.7,0.006403201600800212,0.0026013006503252667,1.0064032016008002,0.9973986993496747,True
illustrative_extra_4bps,10,long,50.0,500.0,0.04,0.1,2.0,5.0,0.7,0.011405702851425614,0.0026013006503252667,1.0114057028514256,0.9973986993496747,True
illustrative_extra_4bps,10,long,50.0,500.0,0.05,0.05,2.5,2.5,0.7,0.006403201600800212,0.0036018009004503693,1.0064032016008002,0.9963981990995496,True
illustrative_extra_4bps,10,long,50.0,500.0,0.05,0.1,2.5,5.0,0.7,0.011405702851425614,0.0036018009004503693,1.0114057028514256,0.9963981990995496,True
illustrative_extra_4bps,10,short,50.0,500.0,0.02,0.05,1.0,2.5,0.7,0.006396801599200197,0.0005997001499251642,0.9936031984007998,1.0005997001499252,True
illustrative_extra_4bps,10,short,50.0,500.0,0.02,0.1,1.0,5.0,0.7,0.011394302848575566,0.0005997001499251642,0.9886056971514244,1.0005997001499252,True
illustrative_extra_4bps,10,short,50.0,500.0,0.04,0.05,2.0,2.5,0.7,0.006396801599200197,0.0025987006496752674,0.9936031984007998,1.0025987006496753,True
illustrative_extra_4bps,10,short,50.0,500.0,0.04,0.1,2.0,5.0,0.7,0.011394302848575566,0.0025987006496752674,0.9886056971514244,1.0025987006496753,True
illustrative_extra_4bps,10,short,50.0,500.0,0.05,0.05,2.5,2.5,0.7,0.006396801599200197,0.003598200899550319,0.9936031984007998,1.0035982008995503,True
illustrative_extra_4bps,10,short,50.0,500.0,0.05,0.1,2.5,5.0,0.7,0.011394302848575566,0.003598200899550319,0.9886056971514244,1.0035982008995503,True
