status,strategy,target_fraction,risk_fraction,slippage_each_fill,from,to_exclusive,initial_equity_usd,final_equity_usd,net_pnl_usd,return_fraction,trades,win_rate,profit_factor,mean_trade_net_usd,worst_trade_net_usd,mean_entry_exposure,max_hourly_mark_drawdown_fraction,fees_usd,funding_cashflow_usd,funding_intrabar_bound_width_usd,fill_friction_usd_already_in_gross,same_hour_double_touches,loss_budget_exceeded_trades,net_target_achieved_trades,promotion_allowed,ledger_residual_usd,window,variant
exploratory_only,H1_breakout_4h,0.05,0.02,0.0002,2026-02-14T00:00:00+00:00,2026-06-01T00:00:00+00:00,50.0,42.4085844402392,-7.591415559760797,-0.1518283111952159,25,0.24,0.4453828712626572,-0.30365662239042984,-0.8032839867327929,0.5306218679339495,0.1899908108865805,0.5873548,0.06573924023925523,0.0022286479594261673,0.24880000000000072,0,0,2,False,-5.1514348342607263e-14,development,H1_breakout_4h_tp5_base_2bps_each_fill
exploratory_only,H1_breakout_4h,0.1,0.02,0.0002,2026-02-14T00:00:00+00:00,2026-06-01T00:00:00+00:00,50.0,42.60602731620236,-7.393972683797642,-0.1478794536759529,24,0.25,0.42724281643591594,-0.30808219515823415,-0.8032839867327929,0.5316774299960559,0.18516259988553685,0.56650815,0.07423546620238389,0.0019291286296794258,0.2398000000000007,0,0,0,False,-2.220446049250313e-14,development,H1_breakout_4h_tp10_base_2bps_each_fill
exploratory_only,H2_momentum_1d,0.05,0.02,0.0002,2026-02-14T00:00:00+00:00,2026-06-01T00:00:00+00:00,50.0,50.00367209426885,0.003672094268850401,7.344188537694585e-05,7,0.5714285714285714,1.0026403566955422,0.0005245848955379569,-0.7251873748774746,0.1617224751969127,0.045423147773308296,0.0557049,0.017776994268765448,2.2504843634303658e-05,0.0233,0,0,0,False,8.470307788499554e-14,development,H2_momentum_1d_tp5_base_2bps_each_fill
exploratory_only,H2_momentum_1d,0.1,0.02,0.0002,2026-02-14T00:00:00+00:00,2026-06-01T00:00:00+00:00,50.0,50.00367209426885,0.003672094268850401,7.344188537694585e-05,7,0.5714285714285714,1.0026403566955422,0.0005245848955379569,-0.7251873748774746,0.1617224751969127,0.045423147773308296,0.0557049,0.017776994268765448,2.2504843634303658e-05,0.0233,0,0,0,False,8.470307788499554e-14,development,H2_momentum_1d_tp10_base_2bps_each_fill
exploratory_only,H1_breakout_4h,0.05,0.02,0.0005,2026-02-14T00:00:00+00:00,2026-06-01T00:00:00+00:00,50.0,42.29323996953547,-7.70676003046453,-0.15413520060929065,25,0.24,0.43936630720394376,-0.30827040121857957,-0.8132789867327929,0.5293358670656444,0.19186301633141067,0.5850631,0.06610306953551212,0.002205319367793556,0.5988000000000006,0,0,2,False,-3.9968028886505635e-14,development,H1_breakout_4h_tp5_stress_5bps_each_fill
exploratory_only,H1_breakout_4h,0.1,0.02,0.0005,2026-02-14T00:00:00+00:00,2026-06-01T00:00:00+00:00,50.0,42.40032116620233,-7.599678833797668,-0.15199357667595337,24,0.25,0.41719558625396114,-0.31665328474156756,-0.8132789867327929,0.5328584008998227,0.18862305146677047,0.5665143,0.07423546620238389,0.0019291286296794258,0.5796000000000034,0,0,0,False,-4.618527782440651e-14,development,H1_breakout_4h_tp10_stress_5bps_each_fill
exploratory_only,H2_momentum_1d,0.05,0.02,0.0005,2026-02-14T00:00:00+00:00,2026-06-01T00:00:00+00:00,50.0,49.97487199426886,-0.02512800573114049,-0.0005025601146227965,7,0.5714285714285714,0.9820187646577779,-0.0035897151044619858,-0.7273863748774747,0.1617608801898674,0.04557488566190785,0.055705000000000005,0.017776994268765448,2.2504843634303658e-05,0.056499999999999634,0,0,0,False,9.341138973439911e-14,development,H2_momentum_1d_tp5_stress_5bps_each_fill
exploratory_only,H2_momentum_1d,0.1,0.02,0.0005,2026-02-14T00:00:00+00:00,2026-06-01T00:00:00+00:00,50.0,49.97487199426886,-0.02512800573114049,-0.0005025601146227965,7,0.5714285714285714,0.9820187646577779,-0.0035897151044619858,-0.7273863748774747,0.1617608801898674,0.04557488566190785,0.055705000000000005,0.017776994268765448,2.2504843634303658e-05,0.056499999999999634,0,0,0,False,9.341138973439911e-14,development,H2_momentum_1d_tp10_stress_5bps_each_fill
exploratory_only,H1_breakout_4h,0.05,0.02,0.0002,2026-06-01T00:00:00+00:00,2026-08-01T00:00:00+00:00,50.0,50.75447049908308,0.7544704990830766,0.015089409981661639,13,0.3076923076923077,1.0919486256034845,0.0580361922371598,-1.000233187590491,0.6862696058151345,0.11920027700729163,0.47469095,-0.06773855091692527,0.0033126062026211283,0.19899999999999626,0,0,3,False,-7.771561172376096e-16,chronological_validation,H1_breakout_4h_tp5_base_2bps_each_fill
exploratory_only,H1_breakout_4h,0.1,0.02,0.0002,2026-06-01T00:00:00+00:00,2026-08-01T00:00:00+00:00,50.0,51.712104319264625,1.7121043192646255,0.03424208638529258,12,0.3333333333333333,1.2271742784402788,0.14267535993871666,-1.0456983324809679,0.7006083782940375,0.11851382193314064,0.4551641,-0.06913158073540218,0.002343591688176704,0.1917999999999978,0,0,1,False,2.5757174171303632e-14,chronological_validation,H1_breakout_4h_tp10_base_2bps_each_fill
exploratory_only,H2_momentum_1d,0.05,0.02,0.0002,2026-06-01T00:00:00+00:00,2026-08-01T00:00:00+00:00,50.0,51.95933167677313,1.9593316767731324,0.0391866335354627,5,0.4,3.3994710499457277,0.39186633535462523,-0.48558504487080845,0.1791200650572241,0.019233287652865947,0.04503,0.013761676773126343,0.0003395540958327,0.018600000000000002,0,0,1,False,6.217248937900877e-15,chronological_validation,H2_momentum_1d_tp5_base_2bps_each_fill
exploratory_only,H2_momentum_1d,0.1,0.02,0.0002,2026-06-01T00:00:00+00:00,2026-08-01T00:00:00+00:00,50.0,51.94944995311321,1.9494499531132092,0.038988999062264273,3,0.6666666666666666,20.098072462220042,0.6498166510377449,-0.10207574387256368,0.2614900030883853,0.03261755907277432,0.039140600000000005,0.05979055311323469,0.0,0.016,0,0,0,False,-2.531308496145357e-14,chronological_validation,H2_momentum_1d_tp10_base_2bps_each_fill
exploratory_only,H1_breakout_4h,0.05,0.02,0.0005,2026-06-01T00:00:00+00:00,2026-08-01T00:00:00+00:00,50.0,50.63558716839075,0.6355871683907495,0.012711743367814998,13,0.3076923076923077,1.076482187063327,0.04889132064544182,-1.011240887590491,0.6868578048575348,0.12091440983927262,0.4746849,-0.06732793160925805,0.003253784506306428,0.4883000000000014,0,0,3,False,5.773159728050814e-15,chronological_validation,H1_breakout_4h_tp5_stress_5bps_each_fill
exploratory_only,H1_breakout_4h,0.1,0.02,0.0005,2026-06-01T00:00:00+00:00,2026-08-01T00:00:00+00:00,50.0,51.53684255923589,1.5368425592358932,0.030736851184717917,12,0.3333333333333333,1.2034592849176142,0.12807021326965182,-1.011240887590491,0.6939546469450756,0.11905164265554664,0.4497081,-0.06784934076417891,0.0022684574356904214,0.46380000000000215,0,0,1,False,7.149836278586008e-14,chronological_validation,H1_breakout_4h_tp10_stress_5bps_each_fill
exploratory_only,H2_momentum_1d,0.05,0.02,0.0005,2026-06-01T00:00:00+00:00,2026-08-01T00:00:00+00:00,50.0,51.85268255676334,1.852682556763341,0.03705365113526682,5,0.4,3.0360153195333055,0.37053651135266313,-0.5675719942206433,0.18107440112578538,0.017420110672314488,0.04544725,0.010229806763315617,0.00012876971695407303,0.046,0,0,1,False,2.531308496145357e-14,chronological_validation,H2_momentum_1d_tp5_stress_5bps_each_fill
exploratory_only,H2_momentum_1d,0.1,0.02,0.0005,2026-06-01T00:00:00+00:00,2026-08-01T00:00:00+00:00,50.0,51.92585015311322,1.9258501531132168,0.038517003062264354,3,0.6666666666666666,18.55949023104828,0.6419500510377449,-0.10967574387256365,0.2614503145878123,0.032768872453204145,0.039140400000000006,0.05979055311323469,0.0,0.0396,0,0,0,False,-1.7985612998927536e-14,chronological_validation,H2_momentum_1d_tp10_stress_5bps_each_fill
