number,symbol,direction,quantity_base,entry_utc,exit_earliest_utc,exit_latest_utc,entry_reference,entry_fill,exit_reference,exit_fill,entry_notional_usd,exposure_over_equity_at_entry,equity_at_entry_usd,equity_after_usd,initial_margin_usd,initial_stop,last_stop,planned_stop_price_loss_and_fees_usd,funding_budget_usd,gross_pnl_after_fill_friction_usd,fees_usd,funding_cashflow_usd,funding_intrabar_bound_width_usd,fill_friction_usd_already_in_gross,net_pnl_usd,net_return_on_entry_equity,exit_reason,same_hour_stop_and_target,actual_loss_exceeds_planned_budget,target_net_achieved
1,PF_XBTUSD,1,0.0003,2026-02-14T12:00:00+00:00,2026-02-15T17:00:00+00:00,2026-02-15T18:00:00+00:00,70478.0,70493.0,68187.0,68173.0,21.1479,0.422958,50.0,49.28302368046061,2.11479,68187.0,68187.0,0.7167998999999999,0.1,-0.696,0.0207999,-0.00017641953938326373,6.923271231725373e-05,0.0087,-0.7169763195393833,-0.014339526390787666,stop_intrabar,False,False,False
2,PF_XBTUSD,-1,0.0003,2026-02-18T20:00:00+00:00,2026-02-21T14:00:00+00:00,2026-02-21T15:00:00+00:00,66146.0,66132.0,68627.0,68641.0,19.839599999999997,0.4025645854977414,49.28302368046061,48.51217535873006,1.9839599999999997,68627.0,68627.0,0.7729159499999999,0.09856604736092123,-0.7526999999999999,0.020215949999999996,0.0020676282694444773,3.1052048166912116e-05,0.0084,-0.7708483217305554,-0.01564125461799082,stop_intrabar,False,False,False
3,PF_XBTUSD,1,0.0004,2026-02-21T16:00:00+00:00,2026-02-23T00:00:00+00:00,2026-02-23T01:00:00+00:00,68588.0,68602.0,66904.0,66890.0,27.440800000000003,0.5656476914730204,48.51217535873006,47.79981639523336,2.7440800000000003,66904.0,66904.0,0.7118984,0.09702435071746013,-0.6848000000000001,0.0270984,-0.0004605634967214145,7.420606606042823e-05,0.0112,-0.7123589634967215,-0.014684127401607606,stop_intrabar,False,False,False
4,PF_XBTUSD,-1,0.0005,2026-02-23T04:00:00+00:00,2026-02-23T09:00:00+00:00,2026-02-23T10:00:00+00:00,64908.0,64895.0,66418.0,66432.0,32.4475,0.6788205990522527,47.79981639523336,46.996532408500556,3.24475,66418.0,66418.0,0.8013317500000001,0.09559963279046672,-0.7685,0.03283175,-0.0019522367327929526,0.0002781799346985943,0.0135,-0.8032839867327929,-0.01680516887535361,stop_intrabar,False,False,False
5,PF_XBTUSD,-1,0.0003,2026-02-24T04:00:00+00:00,2026-02-24T05:00:00+00:00,2026-02-24T06:00:00+00:00,63573.0,63560.0,62700.0,62713.0,19.067999999999998,0.4057320619797696,46.996532408500556,47.23160553703619,1.9067999999999998,65709.0,65709.0,0.66829245,0.09399306481700112,0.2541,0.018940949999999998,-8.592146437312275e-05,9.568476649414366e-05,0.0078,0.2350731285356269,0.005001924961023459,target_intrabar,False,False,True
6,PF_XBTUSD,-1,0.0003,2026-02-24T08:00:00+00:00,2026-02-25T01:00:00+00:00,2026-02-25T02:00:00+00:00,63160.0,63147.0,65326.0,65340.0,18.9441,0.4010894777892988,47.23160553703619,46.55246372946087,1.89441,65326.0,65326.0,0.6771730499999999,0.09446321107407238,-0.6578999999999999,0.01927305,-0.0019687575753253327,0.00013017159923569977,0.0081,-0.6791418075753252,-0.014378969333210215,stop_intrabar,False,False,False
7,PF_ETHUSD,1,0.008,2026-02-25T16:00:00+00:00,2026-02-25T16:00:00+00:00,2026-02-25T17:00:00+00:00,2013.9,2014.4,2046.1,2045.6,16.1152,0.34617287054135976,46.55246372946087,46.78581391914584,1.6115200000000003,1917.5,1917.5,0.7941260000000014,0.09310492745892174,0.24959999999999855,0.01624,-9.810315029440866e-06,9.810315029440866e-06,0.008,0.2333501896849691,0.005012628140179243,target_intrabar,False,False,True
8,PF_XBTUSD,1,0.0003,2026-02-25T20:00:00+00:00,2026-02-25T21:00:00+00:00,2026-02-25T22:00:00+00:00,69046.0,69060.0,69923.0,69909.0,20.717999999999996,0.4428265378861286,46.78581391914584,47.019794427931124,2.0717999999999996,66363.0,66363.0,0.8336113499999999,0.09357162783829169,0.2547,0.02084535,0.0001258587852912431,0.00023226020923121807,0.0084,0.23398050878529122,0.005001099461252313,target_intrabar,False,False,True
9,PF_XBTUSD,-1,0.0003,2026-02-28T08:00:00+00:00,2026-02-28T18:00:00+00:00,2026-02-28T19:00:00+00:00,63801.0,63788.0,66120.0,66134.0,19.1364,0.40698604136457944,47.019794427931124,46.294309025113435,1.91364,66120.0,66120.0,0.7232882999999999,0.09403958885586226,-0.7038,0.0194883,-0.002197102817689251,0.00012514298758135653,0.0081,-0.7254854028176893,-0.015429361434781812,stop_intrabar,False,False,False
10,PF_XBTUSD,1,0.0002,2026-03-02T16:00:00+00:00,2026-03-04T08:00:00+00:00,2026-03-04T09:00:00+00:00,69117.0,69131.0,70366.0,70351.0,13.8262,0.2986587399435998,46.294309025113435,46.52594315676936,1.3826200000000002,65924.0,65924.0,0.6577041,0.09258861805022688,0.24400000000000002,0.013948200000000001,0.0015823316559254192,1.0889497717106179e-05,0.0058000000000000005,0.23163413165592545,0.005003512019809391,target_intrabar,False,False,True
11,PF_XBTUSD,1,0.0002,2026-03-04T12:00:00+00:00,2026-03-04T14:00:00+00:00,2026-03-04T15:00:00+00:00,71118.0,71133.0,72383.0,72368.0,14.226600000000001,0.3057777883634387,46.52594315676936,46.75859429053258,1.4226600000000003,67688.0,67688.0,0.7056807,0.09305188631353872,0.24700000000000003,0.014350100000000001,1.2337632246380711e-06,3.265958187542857e-05,0.006,0.2326511337632247,0.00500046034487266,target_intrabar,False,False,True
12,PF_XBTUSD,1,0.0002,2026-03-04T16:00:00+00:00,2026-03-06T12:00:00+00:00,2026-03-06T13:00:00+00:00,73392.0,73407.0,69756.0,69742.0,14.6814,0.3139829206322528,46.75859429053258,46.01369419638629,1.46814,69756.0,69756.0,0.7473149000000001,0.09351718858106517,-0.733,0.014314900000000002,0.0024148058537184804,8.02552276819844e-06,0.0058000000000000005,-0.7449000941462816,-0.015930763220080482,stop_intrabar,False,False,False
13,PF_XBTUSD,-1,0.0003,2026-03-07T20:00:00+00:00,2026-03-08T22:00:00+00:00,2026-03-08T23:00:00+00:00,67081.0,67067.0,66221.0,66235.0,20.120099999999997,0.43726330500931915,46.01369419638629,46.243820626795085,2.0120099999999996,69062.0,69062.0,0.62312145,0.09202738839277258,0.2496,0.0199953,0.0005217304087922305,1.8013756722392266e-05,0.0084,0.23012643040879222,0.005001259612553893,target_intrabar,False,False,True
14,PF_XBTUSD,-1,0.0004,2026-03-09T00:00:00+00:00,2026-03-09T03:00:00+00:00,2026-03-09T04:00:00+00:00,65964.0,65950.0,67611.0,67625.0,26.380000000000003,0.5704545957155327,46.243820626795085,45.54688058498389,2.6380000000000003,67611.0,67611.0,0.696715,0.09248764125359017,-0.67,0.026715000000000003,-0.00022504181119169773,1.0610258527975537e-05,0.0112,-0.6969400418111917,-0.015070987482538658,stop_intrabar,False,False,False
15,PF_ETHUSD,1,0.008,2026-03-10T12:00:00+00:00,2026-03-12T14:00:00+00:00,2026-03-12T15:00:00+00:00,2061.3,2061.8,2092.8,2092.3,16.494400000000002,0.3621411562801505,45.54688058498389,45.774745273940944,1.6494400000000002,1971.4,1971.4,0.7425312000000015,0.09109376116996779,0.244,0.016616400000000003,0.00048108895703335346,2.9211367869335168e-05,0.008,0.22786468895703335,0.005002860482000975,target_intrabar,False,False,True
16,PF_ETHUSD,1,0.009,2026-03-13T04:00:00+00:00,2026-03-13T12:00:00+00:00,2026-03-13T13:00:00+00:00,2119.4,2119.9,2148.2,2147.7,19.0791,0.41680406708590734,45.774745273940944,46.00437947565767,1.9079100000000002,2037.6,2037.6,0.7639065000000016,0.09154949054788189,0.25019999999999754,0.019204199999999998,-0.001361598283259523,0.00014111122478250633,0.009,0.229634201716738,0.00501661342608205,target_intrabar,False,False,True
17,PF_ETHUSD,1,0.011,2026-03-16T04:00:00+00:00,2026-03-16T04:00:00+00:00,2026-03-16T05:00:00+00:00,2236.0,2236.5,2260.2,2259.7,24.601499999999998,0.5347643046248979,46.00437947565767,46.2347121937464,2.46015,2168.5,2168.5,0.7777247500000001,0.09200875895131536,0.255199999999998,0.024729099999999997,-0.00013818191127034152,0.00013818191127034152,0.011,0.23033271808872763,0.005006756328723089,target_intrabar,False,False,True
18,PF_ETHUSD,1,0.009,2026-03-16T20:00:00+00:00,2026-03-16T21:00:00+00:00,2026-03-16T22:00:00+00:00,2331.0,2331.5,2360.1,2359.6,20.9835,0.45384731523943994,46.2347121937464,46.46634040210468,2.09835,2247.9,2247.9,0.7775050499999991,0.0924694243874928,0.2528999999999992,0.021109949999999995,-0.00016184164171949294,8.376424110449296e-05,0.009,0.23162820835827969,0.005009833464251762,target_intrabar,False,False,True
19,PF_XBTUSD,1,0.0004,2026-03-17T00:00:00+00:00,2026-03-17T01:00:00+00:00,2026-03-17T02:00:00+00:00,74884.0,74899.0,75572.0,75556.0,29.959600000000002,0.644759190001608,46.46634040210468,46.6988487459988,2.99596,72897.0,72897.0,0.8363562,0.09293268080420936,0.26280000000000003,0.030091,-0.0002006561058753122,0.00015723283609421552,0.012400000000000001,0.23250834389412475,0.0050038015019489976,target_intrabar,False,False,True
20,PF_XBTUSD,-1,0.0003,2026-03-19T08:00:00+00:00,2026-03-19T12:00:00+00:00,2026-03-19T13:00:00+00:00,70196.0,70181.0,69318.0,69332.0,21.054299999999998,0.45085265622964527,46.6988487459988,46.9325057485999,2.1054299999999997,72636.0,72636.0,0.7624248,0.09339769749199761,0.2547,0.02092695,-0.00011604739889562081,3.3848740135069946e-06,0.0087,0.2336570026011044,0.0050034852865858785,target_intrabar,False,False,True
21,PF_XBTUSD,-1,0.0003,2026-03-19T16:00:00+00:00,2026-03-21T23:00:00+00:00,2026-03-22T00:00:00+00:00,69414.0,69400.0,68544.0,68558.0,20.819999999999997,0.44361577691003856,46.9325057485999,47.167424365054735,2.082,71766.0,71766.0,0.7354771499999999,0.09386501149719981,0.2526,0.0206937,0.0030123164548454566,5.294771707556615e-05,0.0084,0.23491861645484544,0.005005456510530627,target_intrabar,False,False,True
22,PF_XBTUSD,-1,0.0004,2026-03-22T12:00:00+00:00,2026-03-22T21:00:00+00:00,2026-03-22T22:00:00+00:00,68200.0,68186.0,67512.0,67526.0,27.2744,0.5782465412762071,47.167424365054735,47.403559339503104,2.72744,69923.0,69923.0,0.7280246,0.09433484873010949,0.264,0.0271424,-0.0007226255516308562,4.9244622932509095e-05,0.0112,0.23613497444836914,0.0050063147951601135,target_intrabar,False,False,True
23,PF_XBTUSD,-1,0.0004,2026-03-23T00:00:00+00:00,2026-03-23T11:00:00+00:00,2026-03-23T12:00:00+00:00,67846.0,67832.0,69520.0,69534.0,27.1328,0.5723789601045687,47.403559339503104,46.69596219518608,2.71328,69520.0,69520.0,0.7082732,0.09480711867900621,-0.6808000000000001,0.0274732,0.0006760556829724334,0.0001790801703415758,0.0112,-0.7075971443170276,-0.014927088897465158,stop_intrabar,False,False,False
24,PF_XBTUSD,-1,0.0003,2026-03-27T12:00:00+00:00,2026-03-27T14:00:00+00:00,2026-03-27T15:00:00+00:00,66661.0,66647.0,65787.0,65801.0,19.9941,0.42817620753644536,46.69596219518608,46.92956589853691,1.9994100000000001,68838.0,68838.0,0.6818248499999999,0.09339192439037217,0.25379999999999997,0.0198672,-0.00032909664916205855,8.543193748917108e-05,0.0084,0.2336037033508379,0.005002653171046988,target_intrabar,False,False,True
25,PF_XBTUSD,-1,0.0003,2026-03-27T16:00:00+00:00,2026-03-29T22:00:00+00:00,2026-03-29T23:00:00+00:00,66079.0,66065.0,65192.0,65206.0,19.819499999999998,0.4223243837978458,46.92956589853691,47.16430980596515,1.9819499999999999,68312.0,68312.0,0.6984586499999998,0.09385913179707382,0.2577,0.019690649999999997,-0.003265442571716972,5.5432576072279716e-05,0.0084,0.23474390742828302,0.0050020472794443955,target_intrabar,False,False,True
26,PF_ETHUSD,1,0.008,2026-03-31T20:00:00+00:00,2026-04-01T05:00:00+00:00,2026-04-01T06:00:00+00:00,2094.3,2094.8,2126.8,2126.3,16.7584,0.3553195216667936,47.16430980596515,47.40063959844863,1.6758400000000002,1997.0,1997.0,0.8019656000000022,0.09432861961193031,0.252,0.0168844,0.0012141924834637003,0.00014835914313667044,0.008,0.2363297924834637,0.005010776018046884,target_intrabar,False,False,True
27,PF_XBTUSD,1,0.0003,2026-04-01T08:00:00+00:00,2026-04-02T04:00:00+00:00,2026-04-02T05:00:00+00:00,68638.0,68652.0,66329.0,66315.0,20.595599999999997,0.4345004661218552,47.40063959844863,46.68121464358047,2.05956,66329.0,66329.0,0.7213450499999999,0.09480127919689726,-0.7011,0.02024505,0.001920095131828955,8.607326077799555e-05,0.0084,-0.7194249548681709,-0.015177536863694914,stop_intrabar,False,False,False
28,PF_XBTUSD,1,0.0007,2026-04-06T00:00:00+00:00,2026-04-06T00:00:00+00:00,2026-04-06T01:00:00+00:00,69000.0,69014.0,69431.0,69417.0,48.3098,1.0348873817627515,46.68121464358047,46.914863793580466,4.83098,68010.0,68010.0,0.7605535000000001,0.09336242928716094,0.2821,0.048450850000000004,0.0,2.6285768033179352e-05,0.0196,0.23364915000000003,0.005005207164893922,target_intrabar,False,False,True
29,PF_ETHUSD,1,0.016,2026-04-06T04:00:00+00:00,2026-04-06T08:00:00+00:00,2026-04-06T09:00:00+00:00,2127.6,2128.1,2145.5,2145.0,34.0496,0.7257742482172383,46.914863793580466,47.15100086493644,3.40496,2079.4,2079.4,0.820855999999997,0.09382972758716095,0.2704000000000015,0.0341848,-7.812864401846717e-05,9.149199570007586e-06,0.016,0.236137071355983,0.0050333103895378786,target_intrabar,False,False,True
30,PF_ETHUSD,1,0.014,2026-04-06T12:00:00+00:00,2026-04-06T23:00:00+00:00,2026-04-07T00:00:00+00:00,2151.6,2152.1,2097.0,2096.5,30.1294,0.6389981007254831,47.15100086493644,46.342726272262276,3.0129400000000004,2097.0,2097.0,0.8081401999999988,0.0943020017298729,-0.7783999999999988,0.0297402,-0.0001343926741671512,0.00011403332920270912,0.014,-0.8082745926741659,-0.017142257382604883,stop_intrabar,False,False,False
31,PF_XBTUSD,1,0.0003,2026-04-08T00:00:00+00:00,2026-04-08T13:00:00+00:00,2026-04-08T14:00:00+00:00,71922.0,71937.0,72799.0,72784.0,21.5811,0.4656847306136375,46.342726272262276,46.57455954369654,2.15811,69408.0,69408.0,0.7840996499999999,0.09268545254452455,0.2541,0.021708149999999996,-0.0005585785657372618,2.6566960352615386e-05,0.009,0.23183327143426272,0.005002581636484838,target_intrabar,False,False,True
32,PF_XBTUSD,1,0.0004,2026-04-11T20:00:00+00:00,2026-04-12T01:00:00+00:00,2026-04-12T02:00:00+00:00,73706.0,73721.0,71943.0,71928.0,29.488400000000002,0.6331439371387679,46.57455954369654,45.82855747418177,2.9488400000000006,71943.0,71943.0,0.7463298,0.09314911908739308,-0.7172000000000001,0.0291298,0.0003277304852424174,7.728044106063522e-05,0.012,-0.7460020695147577,-0.016017372506010583,stop_intrabar,False,False,False
33,PF_XBTUSD,1,0.0003,2026-04-14T00:00:00+00:00,2026-04-14T13:00:00+00:00,2026-04-14T14:00:00+00:00,74443.0,74458.0,75312.0,75296.0,22.3374,0.48741224317575604,45.82855747418177,46.05784492202575,2.23374,72480.0,72480.0,0.6199384499999999,0.09165711494836355,0.25139999999999996,0.0224631,0.00035054784396886825,2.165044708193264e-06,0.0093,0.22928744784396882,0.005003156557418188,target_intrabar,False,False,True
34,PF_XBTUSD,1,0.0004,2026-04-14T16:00:00+00:00,2026-04-16T13:00:00+00:00,2026-04-16T14:00:00+00:00,75347.0,75363.0,73411.0,73396.0,30.145200000000003,0.6545073928455559,46.05784492202575,45.249761142064216,3.0145200000000005,73411.0,73411.0,0.8165518,0.09211568984405151,-0.7868,0.029751800000000002,0.008468020038490589,8.673902452682993e-05,0.012400000000000001,-0.8080837799615095,-0.017544975917339722,stop_intrabar,False,False,False
35,PF_XBTUSD,1,0.0003,2026-04-17T16:00:00+00:00,2026-04-18T18:00:00+00:00,2026-04-18T19:00:00+00:00,77785.0,77801.0,75643.0,75627.0,23.3403,0.515810457578368,45.249761142064216,44.5780431354335,2.33403,75643.0,75643.0,0.6752141999999999,0.09049952228412844,-0.6521999999999999,0.0230142,0.003496193369266294,0.00013912235091061487,0.0096,-0.6717180066307337,-0.0148446751911427,stop_intrabar,False,False,False
36,PF_ETHUSD,-1,0.01,2026-04-20T00:00:00+00:00,2026-04-20T18:00:00+00:00,2026-04-20T19:00:00+00:00,2263.2,2262.7,2336.7,2337.2,22.627,0.5075817242864706,44.5780431354335,43.80640534247092,2.2627,2336.7,2336.7,0.7679995,0.089156086270867,-0.745,0.0229995,-0.003638292962568876,0.0002332859163261137,0.01,-0.7716377929625688,-0.01730981753995436,stop_intrabar,False,False,False
37,PF_XBTUSD,1,0.0003,2026-04-22T04:00:00+00:00,2026-04-22T05:00:00+00:00,2026-04-22T06:00:00+00:00,77534.0,77550.0,78374.0,78358.0,23.264999999999997,0.5310867170706713,43.80640534247092,44.025544005804925,2.3265,75291.0,75291.0,0.7054237499999999,0.08761281068494184,0.24239999999999998,0.023386199999999996,0.00012486333400594222,9.172622695727342e-05,0.0096,0.21913866333400592,0.005002434270075749,target_intrabar,False,False,True
38,PF_XBTUSD,1,0.0003,2026-04-22T08:00:00+00:00,2026-04-22T14:00:00+00:00,2026-04-22T15:00:00+00:00,78026.0,78042.0,78870.0,78854.0,23.412599999999998,0.5317958137419713,44.025544005804925,44.245943222326005,2.3412599999999997,75739.0,75739.0,0.71876475,0.08805108801160985,0.24359999999999998,0.023534399999999997,0.000333616521086525,8.742311330921095e-05,0.0096,0.2203992165210865,0.005006166794714134,target_intrabar,False,False,True
39,PF_XBTUSD,1,0.0003,2026-04-22T16:00:00+00:00,2026-04-23T17:00:00+00:00,2026-04-23T18:00:00+00:00,79305.0,79321.0,77125.0,77109.0,23.7963,0.5378187979953076,44.245943222326005,43.56252031737114,2.37963,77125.0,77125.0,0.6870645,0.08849188644465202,-0.6636,0.0234645,0.0036415950451414215,0.0002053951637582385,0.0096,-0.6834229049548586,-0.015446001490369654,stop_intrabar,False,False,False
40,PF_ETHUSD,1,0.018,2026-04-26T20:00:00+00:00,2026-04-27T00:00:00+00:00,2026-04-27T01:00:00+00:00,2367.7,2368.2,2383.2,2382.7,42.627599999999994,0.9785384245319173,43.56252031737114,43.78128523376895,4.262759999999999,2329.7,2329.7,0.7442766,0.08712504063474229,0.26099999999999995,0.04275809999999999,0.0005230163978097453,1.2854490302518955e-05,0.018,0.2187649163978097,0.0050218608749910704,target_intrabar,False,False,True
41,PF_ETHUSD,1,0.017,2026-04-27T04:00:00+00:00,2026-04-27T05:00:00+00:00,2026-04-27T06:00:00+00:00,2394.7,2395.2,2352.4,2351.9,40.7184,0.9300412215535758,43.78128523376895,43.00488538220923,4.071840000000001,2352.4,2352.4,0.7764503499999954,0.0875625704675379,-0.7360999999999954,0.04035035000000001,5.0498440283259046e-05,6.051558662104579e-05,0.017,-0.7763998515597121,-0.01773360118174117,stop_intrabar,False,False,False
42,PF_XBTUSD,-1,0.0004,2026-04-27T16:00:00+00:00,2026-04-28T11:00:00+00:00,2026-04-28T12:00:00+00:00,76799.0,76783.0,76146.0,76162.0,30.7132,0.7141793246751867,43.00488538220923,43.22029975513615,3.07132,78347.0,78347.0,0.6630292000000001,0.08600977076441847,0.2484,0.030588999999999998,-0.002396627073086667,0.00018985404816465,0.0128,0.21541437292691334,0.005009067481808207,target_intrabar,False,False,True
43,PF_XBTUSD,-1,0.0004,2026-04-28T16:00:00+00:00,2026-04-29T10:00:00+00:00,2026-04-29T11:00:00+00:00,76043.0,76027.0,77836.0,77852.0,30.410800000000002,0.7036230699993257,43.22029975513615,42.45750068936363,3.0410800000000004,77836.0,77836.0,0.7607758,0.08644059951027232,-0.73,0.030775800000000002,-0.002023265772552807,0.00014531129941475345,0.0128,-0.7627990657725529,-0.017649092442536898,stop_intrabar,False,False,False
44,PF_XBTUSD,-1,0.0003,2026-04-29T20:00:00+00:00,2026-05-01T03:00:00+00:00,2026-05-01T04:00:00+00:00,75541.0,75525.0,77430.0,77446.0,22.6575,0.533651289692521,42.45750068936363,41.856967898326545,2.26575,77430.0,77430.0,0.59924565,0.08491500137872726,-0.5762999999999999,0.022945649999999998,-0.0012871410370764373,1.0818862517935885e-05,0.0096,-0.6005327910370764,-0.014144327416510429,stop_intrabar,False,False,False
45,PF_XBTUSD,1,0.0003,2026-05-01T16:00:00+00:00,2026-05-03T20:00:00+00:00,2026-05-03T21:00:00+00:00,78419.0,78435.0,79216.0,79200.0,23.530499999999996,0.5621644658341521,41.856967898326545,42.06633478904015,2.3530499999999996,76558.0,76558.0,0.5911465499999999,0.0837139357966531,0.22949999999999998,0.02364525,0.0035121407136216786,5.396446563733904e-05,0.0096,0.20936689071362166,0.00500196027629589,target_intrabar,False,False,True
46,PF_XBTUSD,1,0.0005,2026-05-04T04:00:00+00:00,2026-05-04T10:00:00+00:00,2026-05-04T11:00:00+00:00,80310.0,80327.0,79098.0,79082.0,40.1635,0.9547658525853812,42.06633478904015,41.404319489451744,4.01635,79098.0,79098.0,0.6623522500000001,0.0841326695780803,-0.6225,0.039852250000000006,0.00033695041159608103,3.551138466763253e-05,0.0165,-0.662015299588404,-0.015737413371247254,stop_intrabar,False,False,False
47,PF_XBTUSD,1,0.0003,2026-05-05T04:00:00+00:00,2026-05-05T13:00:00+00:00,2026-05-05T14:00:00+00:00,80867.0,80884.0,81669.0,81652.0,24.265199999999997,0.5860547957123616,41.404319489451744,41.6114273102257,2.42652,78836.0,78836.0,0.6431555999999999,0.0828086389789035,0.2304,0.024380399999999997,0.0010882207739592797,0.00010671684943179748,0.010199999999999999,0.20710782077395928,0.005002082471775017,target_intrabar,False,False,True
48,PF_XBTUSD,1,0.0003,2026-05-05T16:00:00+00:00,2026-05-06T10:00:00+00:00,2026-05-06T11:00:00+00:00,81507.0,81524.0,82304.0,82287.0,24.457199999999997,0.5877520090254107,41.6114273102257,41.819772824730194,2.4457199999999997,79451.0,79451.0,0.6508438499999999,0.08322285462045141,0.2289,0.024571649999999997,0.004017164504506309,4.548226633569726e-05,0.010199999999999999,0.2083455145045063,0.005006930258633713,target_intrabar,False,False,True
49,PF_XBTUSD,1,0.0003,2026-05-06T12:00:00+00:00,2026-05-07T13:00:00+00:00,2026-05-07T14:00:00+00:00,82510.0,82527.0,80308.0,80291.0,24.7581,0.5920189978975509,41.819772824730194,41.126130669224516,2.47581,80308.0,80308.0,0.6952227,0.0836395456494604,-0.6708,0.0244227,0.0015805444943334807,9.546202340343345e-06,0.010199999999999999,-0.6936421555056663,-0.016586463977525,stop_intrabar,False,False,False
50,PF_ETHUSD,-1,0.01,2026-05-07T16:00:00+00:00,2026-05-08T02:00:00+00:00,2026-05-08T03:00:00+00:00,2294.6,2294.1,2270.8,2271.3,22.941,0.5578205298357231,41.126130669224516,41.33213991421989,2.2941,2363.7,2363.7,0.7242914999999991,0.08225226133844904,0.2279999999999973,0.022827,0.0008362449953786163,0.0001570725113550051,0.01,0.20600924499537593,0.005009205622875109,target_intrabar,False,False,True
51,PF_ETHUSD,1,0.018,2026-05-10T16:00:00+00:00,2026-05-10T17:00:00+00:00,2026-05-10T18:00:00+00:00,2347.6,2348.1,2362.5,2362.0,42.2658,1.0225892026814438,41.33213991421989,41.53902458242847,4.22658,2310.5,2310.5,0.7277228999999984,0.08266427982843978,0.25020000000000164,0.042390899999999995,-0.0009244317914244812,0.0004866042206709812,0.018,0.20688466820857715,0.0050054187525238845,target_intrabar,False,False,True
52,PF_ETHUSD,1,0.017,2026-05-10T20:00:00+00:00,2026-05-10T20:00:00+00:00,2026-05-10T21:00:00+00:00,2365.5,2366.0,2327.0,2326.5,40.222,0.9682942824087019,41.53902458242847,40.827440445681475,4.022200000000001,2327.0,2327.0,0.71138625,0.08307804916485695,-0.6715000000000001,0.03988625,-0.0001978867469930377,0.0001978867469930377,0.017,-0.7115841367469932,-0.01713049701817029,stop_intrabar,False,False,False
53,PF_XBTUSD,1,0.0005,2026-05-11T00:00:00+00:00,2026-05-11T03:00:00+00:00,2026-05-11T04:00:00+00:00,82196.0,82213.0,81038.0,81021.0,41.106500000000004,1.0068350979457015,40.827440445681475,40.19104155021604,4.110650000000001,81038.0,81038.0,0.6368085,0.08165488089136295,-0.596,0.0408085,0.00040960453457182614,5.994284849235137e-05,0.017,-0.636398895465428,-0.015587528596413474,stop_intrabar,False,False,False
54,PF_ETHUSD,-1,0.012,2026-05-12T08:00:00+00:00,2026-05-12T13:00:00+00:00,2026-05-12T14:00:00+00:00,2294.8,2294.3,2274.9,2275.4,27.531600000000005,0.6850183259272118,40.19104155021604,40.39246436088036,2.7531600000000007,2349.7,2349.7,0.6986669999999956,0.0803820831004321,0.22680000000000108,0.027418200000000004,0.0020410106643186394,0.00035430294609182725,0.012,0.20142281066431972,0.005011634505979529,target_intrabar,False,False,True
55,PF_ETHUSD,-1,0.011,2026-05-12T16:00:00+00:00,2026-05-13T09:00:00+00:00,2026-05-13T10:00:00+00:00,2261.5,2261.0,2321.7,2322.2,24.871,0.6157336620463117,40.39246436088036,39.69791255611075,2.4871,2321.7,2321.7,0.698407599999998,0.08078492872176073,-0.6731999999999979,0.025207599999999997,0.0038557952303883403,0.0002836881640727999,0.011,-0.6945518047696095,-0.01719508368106094,stop_intrabar,False,False,False
56,PF_XBTUSD,-1,0.0004,2026-05-13T16:00:00+00:00,2026-05-14T14:00:00+00:00,2026-05-14T15:00:00+00:00,78806.0,78790.0,80402.0,80419.0,31.516000000000002,0.7938956476730086,39.69791255611075,39.01885080899495,3.1516,80402.0,80402.0,0.6834418,0.07939582511222151,-0.6516000000000001,0.0318418,0.0043800528841916,0.00016243856178395,0.0132,-0.6790617471158085,-0.017105729329117574,stop_intrabar,False,False,False
57,PF_ETHUSD,-1,0.009,2026-05-15T16:00:00+00:00,2026-05-16T06:00:00+00:00,2026-05-16T07:00:00+00:00,2221.9,2221.4,2197.2,2197.7,19.9926,0.5123831067672331,39.01885080899495,39.21411237748831,1.99926,2292.2,2292.2,0.6620134499999976,0.0780377016179899,0.21330000000000243,0.01988595,0.001847518493361013,7.674524396875221e-05,0.009,0.19526156849336343,0.005004288041418947,target_intrabar,False,False,True
58,PF_ETHUSD,-1,0.012,2026-05-18T00:00:00+00:00,2026-05-18T00:00:00+00:00,2026-05-18T01:00:00+00:00,2129.5,2129.0,2110.0,2110.5,25.548000000000002,0.6515001475506141,39.21411237748831,39.41067537748831,2.5548,2183.5,2183.5,0.685878,0.07842822475497663,0.222,0.025437,0.0,6.425244550499433e-05,0.012,0.196563,0.0050125576758647,target_intrabar,False,False,True
59,PF_ETHUSD,-1,0.01,2026-05-22T20:00:00+00:00,2026-05-23T00:00:00+00:00,2026-05-23T01:00:00+00:00,2063.0,2062.5,2040.2,2040.7,20.625,0.5233353603420144,39.41067537748831,39.60814744909102,2.0625,2125.9,2125.9,0.6599445000000008,0.07882135075497664,0.21799999999999956,0.020516,-1.1928397302390963e-05,2.157926345167584e-05,0.01,0.19747207160269717,0.005010623890893653,target_intrabar,False,False,True
60,PF_XBTUSD,-1,0.0003,2026-05-23T08:00:00+00:00,2026-05-23T20:00:00+00:00,2026-05-23T21:00:00+00:00,74530.0,74515.0,76260.0,76276.0,22.354499999999998,0.564391455791579,39.60814744909102,39.05836022702057,2.2354499999999997,76260.0,76260.0,0.55091865,0.07921629489818205,-0.5283,0.02261865,0.001131427929539854,5.697771663771086e-05,0.0093,-0.5497872220704602,-0.0138806598510347,stop_intrabar,False,False,False
61,PF_XBTUSD,-1,0.0003,2026-05-28T00:00:00+00:00,2026-05-28T03:00:00+00:00,2026-05-28T04:00:00+00:00,74346.0,74331.0,73592.0,73607.0,22.2993,0.5709225853412387,39.05836022702057,39.25374690336002,2.22993,76153.0,76153.0,0.5739749999999999,0.07811672045404115,0.21719999999999998,0.022190699999999997,0.0003773763394471777,9.296775122786249e-05,0.009,0.19538667633944715,0.005002429062658874,target_intrabar,False,False,True
